category	original_path	title	source_url	wayback_url	broken_images
blogger-month-index	articles/the-rhubarb-compendium-10.md	The Rhubarb Compendium	https://www.rhubarbinfo.com/2020/03/	https://web.archive.org/web/20241014013457/https://www.rhubarbinfo.com/2020/03/	
blogger-month-index	articles/the-rhubarb-compendium-2.md	The Rhubarb Compendium	https://www.rhubarbinfo.com/2019/07/	https://web.archive.org/web/20241014021714/https://www.rhubarbinfo.com/2019/07/	
blogger-month-index	articles/the-rhubarb-compendium-3.md	The Rhubarb Compendium	https://www.rhubarbinfo.com/2019/08/	https://web.archive.org/web/20241014031545/https://www.rhubarbinfo.com/2019/08/	
blogger-month-index	articles/the-rhubarb-compendium-4.md	The Rhubarb Compendium	https://www.rhubarbinfo.com/2019/09/	https://web.archive.org/web/20240920201159/https://www.rhubarbinfo.com/2019/09/	
blogger-month-index	articles/the-rhubarb-compendium-5.md	The Rhubarb Compendium	https://www.rhubarbinfo.com/2019/10/	https://web.archive.org/web/20240920191246/https://www.rhubarbinfo.com/2019/10/	
blogger-month-index	articles/the-rhubarb-compendium-6.md	The Rhubarb Compendium	https://www.rhubarbinfo.com/2019/11/	https://web.archive.org/web/20240807183111/https://www.rhubarbinfo.com/2019/11/	
blogger-month-index	articles/the-rhubarb-compendium-7.md	The Rhubarb Compendium	https://www.rhubarbinfo.com/2019/12/	https://web.archive.org/web/20240920211447/https://www.rhubarbinfo.com/2019/12/	
blogger-month-index	articles/the-rhubarb-compendium-8.md	The Rhubarb Compendium	https://www.rhubarbinfo.com/2020/01/	https://web.archive.org/web/20240920202334/https://www.rhubarbinfo.com/2020/01/	
blogger-month-index	articles/the-rhubarb-compendium-9.md	The Rhubarb Compendium	https://www.rhubarbinfo.com/2020/02/	https://web.archive.org/web/20240920212203/https://www.rhubarbinfo.com/2020/02/	
drupal-poll-cruft	articles/favorite-rhubarb-2.md	Favorite Rhubarb	http://www.rhubarbinfo.com:80/node/1875/results	https://web.archive.org/web/20160620074643/http://www.rhubarbinfo.com:80/node/1875/results	
drupal-poll-cruft	articles/favorite-rhubarb-3.md	Favorite Rhubarb	http://www.rhubarbinfo.com:80/node/1875/votes	https://web.archive.org/web/20160620074650/http://www.rhubarbinfo.com:80/node/1875/votes	
drupal-poll-cruft	articles/favorite-rhubarb.md	Favorite Rhubarb	http://rhubarbinfo.com/node/1875	https://web.archive.org/web/20191016175755/http://rhubarbinfo.com/node/1875	
drupal-poll-cruft	articles/how-many-rhubarb-plants-2.md	How many rhubarb plants?	http://www.rhubarbinfo.com:80/node/321/results	https://web.archive.org/web/20160620074359/http://www.rhubarbinfo.com:80/node/321/results	
drupal-poll-cruft	articles/how-many-rhubarb-plants-3.md	How many rhubarb plants?	http://www.rhubarbinfo.com:80/node/321/votes	https://web.archive.org/web/20160620074710/http://www.rhubarbinfo.com:80/node/321/votes	
drupal-poll-cruft	articles/how-many-rhubarb-plants.md	How many rhubarb plants?	http://rhubarbinfo.com/node/321	https://web.archive.org/web/20191016175233/http://rhubarbinfo.com/node/321	
drupal-poll-cruft	articles/i-prefer-my-rhubarb-2.md	I prefer my rhubarb	http://rhubarbinfo.com/node/318	https://web.archive.org/web/20160802043414/http://rhubarbinfo.com/node/318	
drupal-poll-cruft	articles/i-prefer-my-rhubarb-3.md	I prefer my rhubarb	http://www.rhubarbinfo.com:80/node/318/results	https://web.archive.org/web/20160621011148/http://www.rhubarbinfo.com:80/node/318/results	
drupal-poll-cruft	articles/i-prefer-my-rhubarb-4.md	I prefer my rhubarb	http://www.rhubarbinfo.com:80/node/318/votes	https://web.archive.org/web/20160620074705/http://www.rhubarbinfo.com:80/node/318/votes	
drupal-poll-cruft	articles/i-prefer-my-rhubarb.md	I prefer my rhubarb	http://rhubarbinfo.com/color_poll	https://web.archive.org/web/20191016175337/http://rhubarbinfo.com/color_poll	
drupal-poll-cruft	articles/polls.md	Polls	http://www.rhubarbinfo.com:80/poll	https://web.archive.org/web/20200302055314/http://www.rhubarbinfo.com:80/poll	
drupal-poll-cruft	articles/rhubarb-pie-and-2.md	Rhubarb Pie and ...	http://www.rhubarbinfo.com:80/node/48056/results	https://web.archive.org/web/20200302055304/http://www.rhubarbinfo.com:80/node/48056/results	
drupal-poll-cruft	articles/rhubarb-pie-and-3.md	Rhubarb Pie and ...	http://www.rhubarbinfo.com:80/node/48056/votes	https://web.archive.org/web/20191229040926/http://www.rhubarbinfo.com:80/node/48056/votes	
drupal-poll-cruft	articles/rhubarb-pie-and.md	Rhubarb Pie and ...	http://www.rhubarbinfo.com:80/node/48056	https://web.archive.org/web/20191228170906/http://www.rhubarbinfo.com:80/node/48056	
error-page	recipes/freeservers-com-monthly-bandwidth-exceeded-2.md	Freeservers.com -- Monthly Bandwidth Exceeded	http://www.rhubarbinfo.com:80/recipes/pie/dyson.rhubarb.pie.01.html	https://web.archive.org/web/20010818073437/http://www.rhubarbinfo.com:80/recipes/pie/dyson.rhubarb.pie.01.html	
error-page	recipes/freeservers-com-monthly-bandwidth-exceeded-3.md	Freeservers.com -- Monthly Bandwidth Exceeded	http://www.rhubarbinfo.com:80/recipes/pie/rhubarb.cream.pie.02.html	https://web.archive.org/web/20010818074050/http://www.rhubarbinfo.com:80/recipes/pie/rhubarb.cream.pie.02.html	
error-page	recipes/freeservers-com-monthly-bandwidth-exceeded-4.md	Freeservers.com -- Monthly Bandwidth Exceeded	http://www.rhubarbinfo.com:80/recipes/pie/rhubarb.sourcream.pie.01.html	https://web.archive.org/web/20010818075256/http://www.rhubarbinfo.com:80/recipes/pie/rhubarb.sourcream.pie.01.html	
error-page	recipes/freeservers-com-monthly-bandwidth-exceeded.md	Freeservers.com -- Monthly Bandwidth Exceeded	http://www.rhubarbinfo.com:80/recipes/cookie/rhubarb.cookies.01.html	https://web.archive.org/web/20010818072448/http://www.rhubarbinfo.com:80/recipes/cookie/rhubarb.cookies.01.html	
error-page	recipes/page-not-found-2.md	Page Not Found	http://www.rhubarbinfo.com:80/recipes/other/index.html	https://web.archive.org/web/20010712171908/http://www.rhubarbinfo.com:80/recipes/other/index.html	
error-page	recipes/page-not-found-3.md	Page Not Found	http://www.rhubarbinfo.com:80/recipes/pie/rhubarb-search.html	https://web.archive.org/web/20010711174709/http://www.rhubarbinfo.com:80/recipes/pie/rhubarb-search.html	
error-page	articles/page-not-found.md	Page Not Found	http://www.rhubarbinfo.com:80/rhubarb-search.html	https://web.archive.org/web/20010629182136/http://www.rhubarbinfo.com:80/rhubarb-search.html	
error-page	recipes/page-not-found.md	Page Not Found	http://www.rhubarbinfo.com:80/recipes/cookie/rhubarb-search.html	https://web.archive.org/web/20010711174409/http://www.rhubarbinfo.com:80/recipes/cookie/rhubarb-search.html	
photo-credit-only	articles/candied-dried-rhubarb.md	Candied Dried Rhubarb	http://rhubarbinfo.com/candied_dried_rhubarb	https://web.archive.org/web/20191016175408/http://rhubarbinfo.com/candied_dried_rhubarb	
photo-credit-only	articles/rhubarb-on-toasted-banana-bread.md	Rhubarb on toasted banana bread	http://rhubarbinfo.com/node/295	https://web.archive.org/web/20190629204902/http://rhubarbinfo.com/node/295	
photo-stub	articles/background-image.md	Background Image	http://rhubarbinfo.com/background_image	https://web.archive.org/web/20131102060442/http://rhubarbinfo.com/background_image	http://www.rhubarbinfo.com/files/images/stalks_original.preview.png
photo-stub	articles/frozen-rhuarb.md	Frozen Rhuarb	http://rhubarbinfo.com/frozen_rhubarb	https://web.archive.org/web/20131102063758/http://rhubarbinfo.com/frozen_rhubarb	http://www.rhubarbinfo.com/files/images/rhubarb_frozen.preview.png
photo-stub	articles/rhubarb-muffins.md	Rhubarb Muffins	http://rhubarbinfo.com/node/266	https://web.archive.org/web/20160425120529/http://rhubarbinfo.com/node/266	
untitled	articles/untitled.md	(untitled)	http://www.rhubarbinfo.com:80/%20recipe-wine.html	https://web.archive.org/web/20041114232219/http://www.rhubarbinfo.com:80/%20recipe-wine.html	
nav-only	articles/image-galleries.md	Image galleries	http://rhubarbinfo.com/image	https://web.archive.org/web/20140719213702/http://rhubarbinfo.com/image	http://www.rhubarbinfo.com/files/images/3942726627_068fd69917_b.thumbnail.jpg
nav-only	articles/main.md	Main	http://rhubarbinfo.com/image/tid/85	https://web.archive.org/web/20140715142849/http://rhubarbinfo.com/image/tid/85	http://www.rhubarbinfo.com/files/images/4623685657_54ab044494.thumbnail.jpg;http://www.rhubarbinfo.com/files/images/stalks_original.thumbnail.png;http://www.rhubarbinfo.com/files/images/2516946444_2e17116b11.thumbnail.jpg;http://www.rhubarbinfo.com/files/images/dock_plant.thumbnail.png;http://www.rhubarbinfo.com/files/images/cafepress_example_0.thumbnail.png;http://www.rhubarbinfo.com/files/images/CompostBin.thumbnail.jpg;http://www.rhubarbinfo.com/files/images/rhubarb_frozen.thumbnail.png;http://www.rhubarbinfo.com/files/images/rhubarb_flower_cut.thumbnail.png
nav-only	recipes/find-by-ingredient-name-10.md	Find by ingredient name	http://rhubarbinfo.com/recipe/bying/6	https://web.archive.org/web/20140701125115/http://rhubarbinfo.com/recipe/bying/6	
nav-only	recipes/find-by-ingredient-name-11.md	Find by ingredient name	http://rhubarbinfo.com/recipe/bying/7	https://web.archive.org/web/20140701115800/http://rhubarbinfo.com/recipe/bying/7	
nav-only	recipes/find-by-ingredient-name-12.md	Find by ingredient name	http://rhubarbinfo.com/recipe/bying/8	https://web.archive.org/web/20140701115018/http://rhubarbinfo.com/recipe/bying/8	
nav-only	recipes/find-by-ingredient-name-13.md	Find by ingredient name	http://rhubarbinfo.com/recipe/bying/9	https://web.archive.org/web/20140701125926/http://rhubarbinfo.com/recipe/bying/9	
nav-only	recipes/find-by-ingredient-name-14.md	Find by ingredient name	http://www.rhubarbinfo.com:80/recipe/bying	https://web.archive.org/web/20141005231925/http://www.rhubarbinfo.com:80/recipe/bying	
nav-only	recipes/find-by-ingredient-name-2.md	Find by ingredient name	http://rhubarbinfo.com/recipe/bying/10	https://web.archive.org/web/20140701120416/http://rhubarbinfo.com/recipe/bying/10	
nav-only	recipes/find-by-ingredient-name-3.md	Find by ingredient name	http://rhubarbinfo.com/recipe/bying/11	https://web.archive.org/web/20140701130202/http://rhubarbinfo.com/recipe/bying/11	
nav-only	recipes/find-by-ingredient-name-4.md	Find by ingredient name	http://rhubarbinfo.com/recipe/bying/12	https://web.archive.org/web/20140701113525/http://rhubarbinfo.com/recipe/bying/12	
nav-only	recipes/find-by-ingredient-name-5.md	Find by ingredient name	http://rhubarbinfo.com/recipe/bying/13	https://web.archive.org/web/20140701130833/http://rhubarbinfo.com/recipe/bying/13	
nav-only	recipes/find-by-ingredient-name-6.md	Find by ingredient name	http://rhubarbinfo.com/recipe/bying/2	https://web.archive.org/web/20140701115525/http://rhubarbinfo.com/recipe/bying/2	
nav-only	recipes/find-by-ingredient-name-7.md	Find by ingredient name	http://rhubarbinfo.com/recipe/bying/3	https://web.archive.org/web/20140701125402/http://rhubarbinfo.com/recipe/bying/3	
nav-only	recipes/find-by-ingredient-name-8.md	Find by ingredient name	http://rhubarbinfo.com/recipe/bying/4	https://web.archive.org/web/20140701132338/http://rhubarbinfo.com/recipe/bying/4	
nav-only	recipes/find-by-ingredient-name-9.md	Find by ingredient name	http://rhubarbinfo.com/recipe/bying/5	https://web.archive.org/web/20140701114408/http://rhubarbinfo.com/recipe/bying/5	
nav-only	recipes/find-by-ingredient-name.md	Find by ingredient name	http://rhubarbinfo.com/recipe/bying/1	https://web.archive.org/web/20140701132058/http://rhubarbinfo.com/recipe/bying/1	
nav-only	recipes/find-by-recipe-name.md	Find by recipe name	http://www.rhubarbinfo.com:80/recipe/byname	https://web.archive.org/web/20141005231827/http://www.rhubarbinfo.com:80/recipe/byname	
nav-only	recipes/find-by.md	Find by	http://www.rhubarbinfo.com:80/recipe/bycat	https://web.archive.org/web/20141005232906/http://www.rhubarbinfo.com:80/recipe/bycat	
duplicate-title	articles/about-2.md	About			canonical=about.md
duplicate-title	articles/composting-rhubarb-2.md	Composting Rhubarb			canonical=composting-rhubarb.md
duplicate-title	articles/emerging-rhubarb-flower-2.md	Emerging Rhubarb Flower			canonical=emerging-rhubarb-flower.md
duplicate-title	articles/forcing-rhubarb.md	Forcing Rhubarb			canonical=forcing-rhubarb-4.md
duplicate-title	articles/forcing-rhubarb-2.md	Forcing Rhubarb			canonical=forcing-rhubarb-4.md
duplicate-title	articles/forcing-rhubarb-3.md	Forcing Rhubarb			canonical=forcing-rhubarb-4.md
duplicate-title	articles/growing-rhubarb-from-seed.md	Growing Rhubarb from Seed			canonical=growing-rhubarb-from-seed-2.md
duplicate-title	articles/medicinal-uses-of-rhubarb.md	Medicinal uses of Rhubarb			canonical=medicinal-uses-of-rhubarb-2.md
duplicate-title	articles/nutritional-information.md	Nutritional Information			canonical=nutritional-information-2.md
duplicate-title	articles/other-uses-for-rhubarb-2.md	Other Uses for rhubarb			canonical=other-uses-for-rhubarb.md
duplicate-title	articles/poison-information.md	Poison Information			canonical=poison-information-2.md
duplicate-title	articles/propagating-rhubarb-2.md	Propagating Rhubarb			canonical=propagating-rhubarb.md
duplicate-title	articles/rhubarb-botanical-information-2.md	Rhubarb Botanical Information			canonical=rhubarb-botanical-information.md
duplicate-title	articles/rhubarb-festivals.md	Rhubarb Festivals			canonical=rhubarb-festivals-2.md
duplicate-title	articles/rhubarb-history.md	Rhubarb History			canonical=rhubarb-history-3.md
duplicate-title	articles/rhubarb-history-2.md	Rhubarb History			canonical=rhubarb-history-3.md
duplicate-title	articles/rhubarb-recipes-3.md	Rhubarb Recipes			canonical=rhubarb-recipes-2.md
duplicate-title	articles/rhubarb-recipes.md	Rhubarb Recipes			canonical=rhubarb-recipes-2.md
duplicate-title	articles/rhubarb-seedpods.md	Rhubarb Seedpods			canonical=rhubarb-seedpods-2.md
duplicate-title	articles/rhubarb-sources.md	Rhubarb Sources			canonical=rhubarb-sources-2.md
duplicate-title	articles/rhubarb-species-2.md	Rhubarb Species			canonical=rhubarb-species.md
duplicate-title	articles/rhubarb-varieties.md	Rhubarb Varieties			canonical=rhubarb-varieties-4.md
duplicate-title	articles/rhubarb-varieties-3.md	Rhubarb Varieties			canonical=rhubarb-varieties-4.md
duplicate-title	articles/rhubarb-varieties-2.md	Rhubarb Varieties			canonical=rhubarb-varieties-4.md
duplicate-title	articles/table-of-contents-2.md	Table Of Contents			canonical=table-of-contents.md
duplicate-title	articles/things-that-are-not-rhubarb.md	Things that are not rhubarb			canonical=things-that-are-not-rhubarb-2.md
duplicate-title	pages/welcome-2.md	Welcome			canonical=welcome.md
duplicate-title	recipes/culinary-uses-of-rhubarb.md	Culinary uses of Rhubarb			canonical=culinary-uses-of-rhubarb-2.md
duplicate-title	recipes/frozen-rhubarb-recipes-2.md	Frozen Rhubarb Recipes			canonical=frozen-rhubarb-recipes.md
duplicate-title	recipes/growing-rhubarb.md	Growing Rhubarb			canonical=growing-rhubarb-4.md
duplicate-title	recipes/growing-rhubarb-2.md	Growing Rhubarb			canonical=growing-rhubarb-4.md
duplicate-title	recipes/growing-rhubarb-3.md	Growing Rhubarb			canonical=growing-rhubarb-4.md
duplicate-title	recipes/rhubarb-bar-recipes-2.md	Rhubarb Bar Recipes			canonical=rhubarb-bar-recipes.md
duplicate-title	recipes/rhubarb-bars.md	Rhubarb Bars			canonical=rhubarb-bars-4.md
duplicate-title	recipes/rhubarb-bars-2.md	Rhubarb Bars			canonical=rhubarb-bars-4.md
duplicate-title	recipes/rhubarb-bars-3.md	Rhubarb Bars			canonical=rhubarb-bars-4.md
duplicate-title	recipes/rhubarb-bread-recipes.md	Rhubarb Bread Recipes			canonical=rhubarb-bread-recipes-3.md
duplicate-title	recipes/rhubarb-bread-recipes-2.md	Rhubarb Bread Recipes			canonical=rhubarb-bread-recipes-3.md
duplicate-title	recipes/rhubarb-cake-recipes-2.md	Rhubarb Cake Recipes			canonical=rhubarb-cake-recipes.md
duplicate-title	recipes/rhubarb-cobbler-recipes-2.md	Rhubarb Cobbler Recipes			canonical=rhubarb-cobbler-recipes.md
duplicate-title	recipes/rhubarb-cookie-recipes-2.md	Rhubarb Cookie Recipes			canonical=rhubarb-cookie-recipes.md
duplicate-title	recipes/rhubarb-dessert-recipes-2.md	Rhubarb Dessert Recipes			canonical=rhubarb-dessert-recipes.md
duplicate-title	recipes/rhubarb-jam-recipes-2.md	Rhubarb Jam Recipes			canonical=rhubarb-jam-recipes.md
duplicate-title	recipes/rhubarb-jam-recipes-3.md	Rhubarb Jam Recipes			canonical=rhubarb-jam-recipes.md
duplicate-title	recipes/rhubarb-muffin-recipes-2.md	Rhubarb Muffin Recipes			canonical=rhubarb-muffin-recipes.md
duplicate-title	recipes/rhubarb-muffins-2.md	Rhubarb Muffins			canonical=rhubarb-muffins.md
duplicate-title	recipes/rhubarb-pie-recipes-2.md	Rhubarb Pie Recipes			canonical=rhubarb-pie-recipes.md
duplicate-title	recipes/rhubarb-pie-recipes-3.md	Rhubarb Pie Recipes			canonical=rhubarb-pie-recipes.md
duplicate-title	recipes/rhubarb-pudding-recipes-2.md	Rhubarb Pudding Recipes			canonical=rhubarb-pudding-recipes.md
duplicate-title	recipes/rhubarb-salad-recipes-2.md	Rhubarb Salad Recipes			canonical=rhubarb-salad-recipes.md
duplicate-title	recipes/rhubarb-sauce-recipes-2.md	Rhubarb Sauce Recipes			canonical=rhubarb-sauce-recipes.md
duplicate-title	recipes/rhubarb-soup-recipes.md	Rhubarb Soup Recipes			canonical=rhubarb-soup-recipes-2.md
duplicate-title	recipes/rhubarb-tart-recipes-2.md	Rhubarb Tart Recipes			canonical=rhubarb-tart-recipes.md
duplicate-title	recipes/rhubarb-wine-2.md	Rhubarb Wine			canonical=rhubarb-wine.md
