20190511020659	http://www.rhubarbinfo.com./	text/html
20241023233502	https://www.rhubarbinfo.com/	text/html
20041114232219	http://www.rhubarbinfo.com:80/%20recipe-wine.html	text/html
20241014025935	https://www.rhubarbinfo.com/2019/	text/html
20240807194830	https://www.rhubarbinfo.com/2019/03/	text/html
20240920200830	https://www.rhubarbinfo.com/2019/03/composting-rhubarb.html	text/html
20240920210655	https://www.rhubarbinfo.com/2019/03/culinary-uses-of-rhubarb.html	text/html
20241014020615	https://www.rhubarbinfo.com/2019/03/forcing-rhubarb.html	text/html
20240912141926	https://www.rhubarbinfo.com/2019/03/growing-rhubarb-from-seed.html	text/html
20240920193640	https://www.rhubarbinfo.com/2019/03/propagating-rhubarb.html	text/html
20240913201201	https://www.rhubarbinfo.com/2019/03/rhubarb-background.html	text/html
20240622003328	https://www.rhubarbinfo.com/2019/03/rhubarb-bars.html	text/html
20240920202718	https://www.rhubarbinfo.com/2019/03/rhubarb-is-cool-season-perennial-plant.html	text/html
20240920213541	https://www.rhubarbinfo.com/2019/03/rhubarb-nutritional-information.html	text/html
20240920210857	https://www.rhubarbinfo.com/2019/03/rhubarb-seedpods.html	text/html
20241014020643	https://www.rhubarbinfo.com/2019/03/rhubarb-species.html	text/html
20240920205750	https://www.rhubarbinfo.com/2019/03/rhubarb-varieties.html	text/html
20240807175003	https://www.rhubarbinfo.com/2019/03/things-that-are-not-rhubarb.html	text/html
20241014021714	https://www.rhubarbinfo.com/2019/07/	text/html
20240920210736	https://www.rhubarbinfo.com/2019/07/rhubarb-wine.html	text/html
20241014031545	https://www.rhubarbinfo.com/2019/08/	text/html
20240807182350	https://www.rhubarbinfo.com/2019/08/rhubarb-tart-recipes.html	text/html
20241014022225	https://www.rhubarbinfo.com/2019/08/various-rhubarb-recipes.html	text/html
20240920201159	https://www.rhubarbinfo.com/2019/09/	text/html
20240622002106	https://www.rhubarbinfo.com/2019/09/rhubarb-salad-recipes.html	text/html
20240920210940	https://www.rhubarbinfo.com/2019/09/rhubarb-soup-recipes.html	text/html
20240920191246	https://www.rhubarbinfo.com/2019/10/	text/html
20240920200505	https://www.rhubarbinfo.com/2019/10/rhubarb-pudding-recipes.html	text/html
20240807183111	https://www.rhubarbinfo.com/2019/11/	text/html
20241014011022	https://www.rhubarbinfo.com/2019/11/rhubarb-pie-recipes.html	text/html
20240920202359	https://www.rhubarbinfo.com/2019/11/rhubarb-pork-recipes.html	text/html
20240920211447	https://www.rhubarbinfo.com/2019/12/	text/html
20241014011541	https://www.rhubarbinfo.com/2020/	text/html
20240920202334	https://www.rhubarbinfo.com/2020/01/	text/html
20241014025042	https://www.rhubarbinfo.com/2020/01/frozen-rhubarb-recipes.html	text/html
20240920212203	https://www.rhubarbinfo.com/2020/02/	text/html
20241014025545	https://www.rhubarbinfo.com/2020/02/rhubarb-jam-recipes.html	text/html
20241014013457	https://www.rhubarbinfo.com/2020/03/	text/html
20240920195452	https://www.rhubarbinfo.com/2020/03/rhubarb-bread-recipes.html	text/html
20240914110406	https://www.rhubarbinfo.com/2020/03/rhubarb-cake-recipes.html	text/html
20241014024907	https://www.rhubarbinfo.com/2020/03/rhubarb-chicken-recipes.html	text/html
20241014015745	https://www.rhubarbinfo.com/2020/03/rhubarb-cobbler-recipes.html	text/html
20240920211102	https://www.rhubarbinfo.com/2020/03/rhubarb-cookie-recipes.html	text/html
20240920195101	https://www.rhubarbinfo.com/2020/03/rhubarb-dessert-recipes.html	text/html
20240914110406	https://www.rhubarbinfo.com/2020/03/rhubarb-drink-recipes.html	text/html
20241014024531	https://www.rhubarbinfo.com/2020/03/rhubarb-fish-recipes.html	text/html
20240807183015	https://www.rhubarbinfo.com/2020/03/rhubarb-muffin-recipes.html	text/html
20241014025126	https://www.rhubarbinfo.com/2020/03/rhubarb-pickle-recipes.html	text/html
20240920191645	https://www.rhubarbinfo.com/2020/03/rhubarb-sauce-recipes.html	text/html
20191112121116	http://www.rhubarbinfo.com/403	text/html
20191112121127	http://www.rhubarbinfo.com/404	text/html
20200302055208	http://www.rhubarbinfo.com:80/about	text/html
20100820110256	http://www.rhubarbinfo.com:80/aphids_under_rhubarb	text/html
20131102040209	http://rhubarbinfo.com/assorted_rhubarb_stalks	text/html
20131102060442	http://rhubarbinfo.com/background_image	text/html
20141009024733	http://www.rhubarbinfo.com:80/bar	text/html
20100630131918	http://www.rhubarbinfo.com:80/bars	text/html
20131102045127	http://rhubarbinfo.com/beetle_on_rhubarb	text/html
20191016180833	http://rhubarbinfo.com/black_bass_wth_rhubarb_sauce	text/html
20130518212036	http://www.rhubarbinfo.com:80/book/export/html/124	text/html
20121101052626	http://www.rhubarbinfo.com/book/export/html/5	text/html
20010709172702	http://www.rhubarbinfo.com:80/bookstore/botany.html	text/html
20010709173003	http://www.rhubarbinfo.com:80/bookstore/cooking.html	text/html
20010709173803	http://www.rhubarbinfo.com:80/bookstore/gardening.html	text/html
20010709173254	http://www.rhubarbinfo.com:80/bookstore/herbs.html	text/html
20010629035551	http://www.rhubarbinfo.com:80/bookstore/index.htm	text/html
20010709174104	http://www.rhubarbinfo.com:80/bookstore/poisonous.html	text/html
20200302055213	http://www.rhubarbinfo.com:80/botanical	text/html
20200222205248	http://rhubarbinfo.com:80/bread	text/html
20131102061012	http://rhubarbinfo.com/cafepress_shirt	text/html
20200222205345	http://rhubarbinfo.com:80/cake	text/html
20191016175408	http://rhubarbinfo.com/candied_dried_rhubarb	text/html
20131102051526	http://rhubarbinfo.com/cherryred_rhuarb_plant	text/html
20200222205315	http://rhubarbinfo.com:80/chicken	text/html
20200222205253	http://rhubarbinfo.com:80/cobbler	text/html
20191016175337	http://rhubarbinfo.com/color_poll	text/html
20200302055218	http://www.rhubarbinfo.com:80/composting	text/html
20200224191255	http://www.rhubarbinfo.com:80/content/rhubarb-bars	text/html
20200223212302	http://rhubarbinfo.com:80/content/rhubarb-varieties	text/html
20200222204947	http://rhubarbinfo.com:80/cookie	text/html
20100628044529	http://www.rhubarbinfo.com:80/cookies	text/html
20200302055224	http://www.rhubarbinfo.com:80/culinary	text/html
20200222205524	http://rhubarbinfo.com:80/dessert	text/html
20100630131928	http://www.rhubarbinfo.com:80/desserts	text/html
20200222204930	http://rhubarbinfo.com:80/drinks	text/html
20191016175515	http://rhubarbinfo.com/dry_rhubarb_soda	text/html
20200201022035	http://www.rhubarbinfo.com:80/emerging_rhubarb_flower	text/html
20040630165749	http://www.rhubarbinfo.com:80/error404.html	text/html
20200302055229	http://www.rhubarbinfo.com:80/festivals	text/html
20200222205321	http://rhubarbinfo.com:80/fish	text/html
20200302055234	http://www.rhubarbinfo.com:80/forcing	text/html
20200302055239	http://www.rhubarbinfo.com:80/friends	text/html
20200302042757	http://www.rhubarbinfo.com:80/fromseed	text/html
20200222205649	http://rhubarbinfo.com:80/frozen	text/html
20131102063758	http://rhubarbinfo.com/frozen_rhubarb	text/html
20131102062340	http://rhubarbinfo.com/goliath_rhubarb_stalks	text/html
20191016174837	http://rhubarbinfo.com/grilled_chicken_with_rhubarb_sauce	text/html
20200128132807	http://www.rhubarbinfo.com:80/growing	text/html
20200302055244	http://www.rhubarbinfo.com:80/history	text/html
20200320230726	http://www.rhubarbinfo.com/home	text/html
20140719213702	http://rhubarbinfo.com/image	text/html
20140715142849	http://rhubarbinfo.com/image/tid/85	text/html
20040113084604	http://www.rhubarbinfo.com:80/images/	text/html
20050205065107	http://rhubarbinfo.com:80/images/index.htm	text/html
20230803054821	https://www.rhubarbinfo.com/index.html	text/html
20190723203944	http://rhubarbinfo.com/inside_rhubarb_flower_bud	text/html
20200224075024	http://www.rhubarbinfo.com:80/jam	text/html
20190723203722	http://rhubarbinfo.com/macdonald_rhubarb_plant	text/html
20200302054502	http://www.rhubarbinfo.com:80/maincontents	text/html
20200302055254	http://www.rhubarbinfo.com:80/medicinal	text/html
20190723203918	http://rhubarbinfo.com/more_cut_rhubarb	text/html
20200223220110	http://rhubarbinfo.com:80/muffin	text/html
20100630133505	http://www.rhubarbinfo.com:80/muffins	text/html
20120804025333	http://www.rhubarbinfo.com:80/node/10414	text/html
20120804025338	http://www.rhubarbinfo.com:80/node/10621	text/html
20121025112340	http://www.rhubarbinfo.com/node/1202	text/html
20121025112422	http://www.rhubarbinfo.com/node/1203	text/html
20121025112352	http://www.rhubarbinfo.com/node/1204	text/html
20121025112411	http://www.rhubarbinfo.com/node/1206	text/html
20121025111807	http://www.rhubarbinfo.com/node/1207	text/html
20121025111754	http://www.rhubarbinfo.com/node/1208	text/html
20121025111946	http://www.rhubarbinfo.com/node/1209	text/html
20121025111819	http://www.rhubarbinfo.com/node/1210	text/html
20121025111935	http://www.rhubarbinfo.com/node/1211	text/html
20121025111830	http://www.rhubarbinfo.com/node/1215	text/html
20121025111843	http://www.rhubarbinfo.com/node/1216	text/html
20200120000113	http://www.rhubarbinfo.com:80/node/124	text/html
20121025063554	http://www.rhubarbinfo.com/node/13231	text/html
20121025084443	http://www.rhubarbinfo.com/node/15206	text/html
20121025093420	http://www.rhubarbinfo.com/node/1623	text/html
20191016175755	http://rhubarbinfo.com/node/1875	text/html
20160620074643	http://www.rhubarbinfo.com:80/node/1875/results	text/html
20160620074650	http://www.rhubarbinfo.com:80/node/1875/votes	text/html
20121028014353	http://www.rhubarbinfo.com/node/19283	text/html
20121028014340	http://www.rhubarbinfo.com/node/19284	text/html
20160731191216	http://rhubarbinfo.com/node/197	text/html
20160827100921	http://www.rhubarbinfo.com/node/198	text/html
20120904155234	http://www.rhubarbinfo.com:80/node/20020	text/html
20120904155256	http://www.rhubarbinfo.com:80/node/20022	text/html
20121025112327	http://www.rhubarbinfo.com/node/2025	text/html
20121001001521	http://www.rhubarbinfo.com:80/node/20672	text/html
20120920054433	http://www.rhubarbinfo.com:80/node/21483	text/html
20120902040934	http://www.rhubarbinfo.com:80/node/21905	text/html
20120919211913	http://www.rhubarbinfo.com/node/21991	text/html
20120829043951	http://www.rhubarbinfo.com:80/node/22564	text/html
20190512050436	http://www.rhubarbinfo.com/node/229	text/html
20120902040939	http://www.rhubarbinfo.com:80/node/23058	text/html
20200201021455	http://www.rhubarbinfo.com:80/node/231	text/html
20200120072957	http://www.rhubarbinfo.com:80/node/232	text/html
20200223190324	http://www.rhubarbinfo.com:80/node/234	text/html
20190901121741	http://www.rhubarbinfo.com:80/node/235	text/html
20190323000131	http://www.rhubarbinfo.com/node/236	text/html
20191231023221	http://www.rhubarbinfo.com:80/node/237	text/html
20200223000751	http://www.rhubarbinfo.com:80/node/238	text/html
20120925060720	http://www.rhubarbinfo.com:80/node/23867	text/html
20190630163115	http://rhubarbinfo.com/node/239	text/html
20191229221933	http://www.rhubarbinfo.com:80/node/240	text/html
20200222061010	http://www.rhubarbinfo.com:80/node/241	text/html
20190701000106	http://rhubarbinfo.com/node/242	text/html
20190629231014	http://www.rhubarbinfo.com/node/243	text/html
20190630183338	http://rhubarbinfo.com/node/244	text/html
20200223001027	http://www.rhubarbinfo.com:80/node/245	text/html
20200120075202	http://www.rhubarbinfo.com:80/node/246	text/html
20121025065645	http://www.rhubarbinfo.com/node/2469	text/html
20200224151623	http://rhubarbinfo.com:80/node/247	text/html
20200223034336	http://www.rhubarbinfo.com:80/node/248	text/html
20200223000920	http://www.rhubarbinfo.com:80/node/249	text/html
20190417100849	http://www.rhubarbinfo.com/node/250	text/html
20121025112652	http://www.rhubarbinfo.com/node/25071	text/html
20121025112705	http://www.rhubarbinfo.com/node/25074	text/html
20121025112849	http://www.rhubarbinfo.com/node/25077	text/html
20121025112626	http://www.rhubarbinfo.com/node/25081	text/html
20121025112812	http://www.rhubarbinfo.com/node/25085	text/html
20200223034635	http://www.rhubarbinfo.com:80/node/251	text/html
20200223001045	http://www.rhubarbinfo.com:80/node/252	text/html
20200223000600	http://www.rhubarbinfo.com:80/node/253	text/html
20190417100855	http://www.rhubarbinfo.com/node/254	text/html
20200225042223	http://www.rhubarbinfo.com:80/node/255	text/html
20190821172506	http://www.rhubarbinfo.com:80/node/256	text/html
20200320230715	http://www.rhubarbinfo.com/node/257	text/html
20121019204512	http://www.rhubarbinfo.com:80/node/26135	text/html
20160425120529	http://rhubarbinfo.com/node/266	text/html
20120711132750	http://www.rhubarbinfo.com:80/node/2670	text/html
20120711133845	http://www.rhubarbinfo.com:80/node/2672	text/html
20170629125715	http://www.rhubarbinfo.com/node/270	text/html
20120711132806	http://www.rhubarbinfo.com:80/node/2713	text/html
20200302055259	http://www.rhubarbinfo.com:80/node/274	text/html
20121028134537	http://www.rhubarbinfo.com:80/node/27668	text/html
20121009014741	http://www.rhubarbinfo.com:80/node/27831	text/html
20170629084512	http://www.rhubarbinfo.com/node/291	text/html
20190630060812	http://rhubarbinfo.com/node/292	text/html
20190630014142	http://rhubarbinfo.com/node/293	text/html
20190630082222	http://rhubarbinfo.com/node/294	text/html
20190629204902	http://rhubarbinfo.com/node/295	text/html
20170629082522	http://www.rhubarbinfo.com/node/296	text/html
20120711133851	http://www.rhubarbinfo.com:80/node/2962	text/html
20121019204517	http://www.rhubarbinfo.com:80/node/29699	text/html
20190630002814	http://rhubarbinfo.com/node/297	text/html
20190630061528	http://rhubarbinfo.com/node/298	text/html
20170629132636	http://www.rhubarbinfo.com/node/299	text/html
20170629092428	http://www.rhubarbinfo.com/node/300	text/html
20120928024719	http://www.rhubarbinfo.com:80/node/3007	text/html
20200223034135	http://www.rhubarbinfo.com:80/node/301	text/html
20200223001216	http://www.rhubarbinfo.com:80/node/302	text/html
20200224191053	http://www.rhubarbinfo.com:80/node/303	text/html
20200223000626	http://rhubarbinfo.com:80/node/304	text/html
20200223034852	http://www.rhubarbinfo.com:80/node/305	text/html
20200223034641	http://www.rhubarbinfo.com:80/node/306	text/html
20200223000841	http://rhubarbinfo.com:80/node/307	text/html
20200223190525	http://www.rhubarbinfo.com:80/node/308	text/html
20200223033736	http://www.rhubarbinfo.com:80/node/309	text/html
20200201021836	http://www.rhubarbinfo.com:80/node/310	text/html
20200223033438	http://www.rhubarbinfo.com:80/node/311	text/html
20190417100807	http://www.rhubarbinfo.com/node/312	text/html
20190714034533	http://www.rhubarbinfo.com:80/node/314	text/html
20190417100807	http://www.rhubarbinfo.com/node/315	text/html
20170629133944	http://www.rhubarbinfo.com/node/316	text/html
20190509064400	http://www.rhubarbinfo.com/node/317	text/html
20160802043414	http://rhubarbinfo.com/node/318	text/html
20160621011148	http://www.rhubarbinfo.com:80/node/318/results	text/html
20160620074705	http://www.rhubarbinfo.com:80/node/318/votes	text/html
20190630052009	http://rhubarbinfo.com/node/319	text/html
20191016175233	http://rhubarbinfo.com/node/321	text/html
20160620074359	http://www.rhubarbinfo.com:80/node/321/results	text/html
20160620074710	http://www.rhubarbinfo.com:80/node/321/votes	text/html
20120924190318	http://www.rhubarbinfo.com:80/node/32545	text/html
20121028013135	http://www.rhubarbinfo.com:80/node/35122	text/html
20120724003216	http://www.rhubarbinfo.com:80/node/3527	text/html
20121028134514	http://www.rhubarbinfo.com:80/node/38550	text/html
20120712011052	http://www.rhubarbinfo.com:80/node/3917	text/html
20121028142006	http://www.rhubarbinfo.com:80/node/43893	text/html
20121025063607	http://www.rhubarbinfo.com/node/4517	text/html
20120730103955	http://www.rhubarbinfo.com:80/node/4689	text/html
20191228170906	http://www.rhubarbinfo.com:80/node/48056	text/html
20200302055304	http://www.rhubarbinfo.com:80/node/48056/results	text/html
20191229040926	http://www.rhubarbinfo.com:80/node/48056/votes	text/html
20190630024553	http://rhubarbinfo.com/node/48057	text/html
20120711132813	http://www.rhubarbinfo.com:80/node/4971	text/html
20200120002308	http://rhubarbinfo.com:80/node/5	text/html
20120715021333	http://www.rhubarbinfo.com:80/node/5347	text/html
20121025075225	http://www.rhubarbinfo.com/node/6597	text/html
20121001050618	http://rhubarbinfo.com:80/node/6598	text/html
20121025072351	http://www.rhubarbinfo.com/node/6600	text/html
20120730234326	http://rhubarbinfo.com:80/node/6601	text/html
20120808141726	http://rhubarbinfo.com/node/700	text/html
20121025065719	http://www.rhubarbinfo.com/node/730	text/html
20121025085535	http://www.rhubarbinfo.com/node/779	text/html
20120302232352	http://www.rhubarbinfo.com:80/node/817	text/html
20121025073404	http://www.rhubarbinfo.com/node/843	text/html
20121025063655	http://www.rhubarbinfo.com/node/858	text/html
20120312083951	http://www.rhubarbinfo.com:80/node/896	text/html
20121025065656	http://www.rhubarbinfo.com/node/915	text/html
20120324151724	http://www.rhubarbinfo.com:80/node/916	text/html
20120507153714	http://rhubarbinfo.com/node/921	text/html
20120909134129	http://www.rhubarbinfo.com:80/node/9547	text/html
20120909153525	http://www.rhubarbinfo.com:80/node/9551	text/html
20120815070348	http://www.rhubarbinfo.com:80/node/9563	text/html
20120815070343	http://www.rhubarbinfo.com:80/node/9569	text/html
20120507153447	http://rhubarbinfo.com/node/965	text/html
20200220002938	http://www.rhubarbinfo.com:80/not-rhubarb	text/html
20191228170758	http://www.rhubarbinfo.com:80/nutritional	text/html
20200305072956	http://www.rhubarbinfo.com:80/other	text/html
20240920194655	https://www.rhubarbinfo.com/p/blog-page.html	text/html
20240920202518	https://www.rhubarbinfo.com/p/rhubarb-informational-pages.html	text/html
20020109173945	http://www.rhubarbinfo.com:80/page2.html	text/html
20200222205654	http://rhubarbinfo.com:80/pickles	text/html
20200222121156	http://rhubarbinfo.com:80/pie	text/html
20200226221159	http://www.rhubarbinfo.com/poison	text/html
20200302055314	http://www.rhubarbinfo.com:80/poll	text/html
20200222205326	http://rhubarbinfo.com:80/pork	text/html
20191016180507	http://rhubarbinfo.com/powdered_rhubarb	text/html
20200302055319	http://www.rhubarbinfo.com:80/propagating	text/html
20200222205220	http://rhubarbinfo.com:80/pudding	text/html
20081014075618	http://www.rhubarbinfo.com:80/recipe-bar.html	text/html
20081016043106	http://www.rhubarbinfo.com:80/recipe-bread.html	text/html
20081106134620	http://www.rhubarbinfo.com:80/recipe-cake.html	text/html
20081015042331	http://www.rhubarbinfo.com:80/recipe-cobbler.html	text/html
20081015042336	http://www.rhubarbinfo.com:80/recipe-cookie.html	text/html
20081015042341	http://www.rhubarbinfo.com:80/recipe-dessert.html	text/html
20081016043111	http://www.rhubarbinfo.com:80/recipe-drink.html	text/html
20081017225142	http://www.rhubarbinfo.com:80/recipe-frozen.html	text/html
20050421155127	http://www.rhubarbinfo.com:80/recipe-index.htm	text/html
20081108130241	http://www.rhubarbinfo.com:80/recipe-index.html	text/html
20081014075623	http://www.rhubarbinfo.com:80/recipe-jam.html	text/html
20081016043116	http://www.rhubarbinfo.com:80/recipe-muffin.html	text/html
20081016010547	http://www.rhubarbinfo.com:80/recipe-other.html	text/html
20081107221626	http://www.rhubarbinfo.com:80/recipe-pie.html	text/html
20081015042346	http://www.rhubarbinfo.com:80/recipe-pudding.html	text/html
20081016043121	http://www.rhubarbinfo.com:80/recipe-salad.html	text/html
20081015042351	http://www.rhubarbinfo.com:80/recipe-sauce.html	text/html
20081017225146	http://www.rhubarbinfo.com:80/recipe-soup.html	text/html
20081016043126	http://www.rhubarbinfo.com:80/recipe-tart.html	text/html
20081015042401	http://www.rhubarbinfo.com:80/recipe-wine.html	text/html
20141005232906	http://www.rhubarbinfo.com:80/recipe/bycat	text/html
20141005231925	http://www.rhubarbinfo.com:80/recipe/bying	text/html
20140701132058	http://rhubarbinfo.com/recipe/bying/1	text/html
20140701120416	http://rhubarbinfo.com/recipe/bying/10	text/html
20140701130202	http://rhubarbinfo.com/recipe/bying/11	text/html
20140701113525	http://rhubarbinfo.com/recipe/bying/12	text/html
20140701130833	http://rhubarbinfo.com/recipe/bying/13	text/html
20140701115525	http://rhubarbinfo.com/recipe/bying/2	text/html
20140701125402	http://rhubarbinfo.com/recipe/bying/3	text/html
20140701132338	http://rhubarbinfo.com/recipe/bying/4	text/html
20140701114408	http://rhubarbinfo.com/recipe/bying/5	text/html
20140701125115	http://rhubarbinfo.com/recipe/bying/6	text/html
20140701115800	http://rhubarbinfo.com/recipe/bying/7	text/html
20140701115018	http://rhubarbinfo.com/recipe/bying/8	text/html
20140701125926	http://rhubarbinfo.com/recipe/bying/9	text/html
20141005231827	http://www.rhubarbinfo.com:80/recipe/byname	text/html
20200302055329	http://www.rhubarbinfo.com:80/recipes	text/html
20191018020034	http://www.rhubarbinfo.com/recipes/	text/html
20010622081139	http://www.rhubarbinfo.com:80/recipes/bar/index.htm	text/html
20010620104225	http://www.rhubarbinfo.com:80/recipes/bread/	text/html
20010629032949	http://www.rhubarbinfo.com:80/recipes/bread/index.htm	text/html
20010721134513	http://rhubarbinfo.com:80/recipes/cake/	text/html
20010622072548	http://www.rhubarbinfo.com:80/recipes/cake/index.htm	text/html
20010624071616	http://www.rhubarbinfo.com:80/recipes/cobbler/index.htm	text/html
20010629033322	http://www.rhubarbinfo.com:80/recipes/cookie/index.htm	text/html
20010711174409	http://www.rhubarbinfo.com:80/recipes/cookie/rhubarb-search.html	text/html
20010818072448	http://www.rhubarbinfo.com:80/recipes/cookie/rhubarb.cookies.01.html	text/html
20010422172748	http://rhubarbinfo.com:80/recipes/desserts/index.htm	text/html
20010629033622	http://www.rhubarbinfo.com:80/recipes/drink/index.htm	text/html
20010625125740	http://www.rhubarbinfo.com:80/recipes/frozen/index.htm	text/html
20010816035129	http://www.rhubarbinfo.com:80/recipes/index.html	text/html
20010124105000	http://www.rhubarbinfo.com:80/recipes/jam/	text/html
20010624071736	http://www.rhubarbinfo.com:80/recipes/jam/index.htm	text/html
20010629034530	http://www.rhubarbinfo.com:80/recipes/muffin/index.htm	text/html
20010629035342	http://www.rhubarbinfo.com:80/recipes/other/index.htm	text/html
20010712171908	http://www.rhubarbinfo.com:80/recipes/other/index.html	text/html
20010713124559	http://www.rhubarbinfo.com:80/recipes/other/rhubarb-search.html	text/html
20010624071643	http://www.rhubarbinfo.com:80/recipes/pie/	text/html
20010818073437	http://www.rhubarbinfo.com:80/recipes/pie/dyson.rhubarb.pie.01.html	text/html
20010814122630	http://www.rhubarbinfo.com:80/recipes/pie/index.htm	text/html
20010818073659	http://www.rhubarbinfo.com:80/recipes/pie/new.fashioned.rhu-berry.pie.01.html	text/html
20010711174709	http://www.rhubarbinfo.com:80/recipes/pie/rhubarb-search.html	text/html
20010818074050	http://www.rhubarbinfo.com:80/recipes/pie/rhubarb.cream.pie.02.html	text/html
20010622065707	http://www.rhubarbinfo.com:80/recipes/pie/rhubarb.custard.crumb.pie.01.html	text/html
20010818075504	http://www.rhubarbinfo.com:80/recipes/pie/rhubarb.pie.02.html	text/html
20010818075256	http://www.rhubarbinfo.com:80/recipes/pie/rhubarb.sourcream.pie.01.html	text/html
20010624072257	http://www.rhubarbinfo.com:80/recipes/pudding/index.htm	text/html
20010629035656	http://www.rhubarbinfo.com:80/recipes/salad/index.htm	text/html
20010624071559	http://www.rhubarbinfo.com:80/recipes/sauce/index.htm	text/html
20010629035435	http://www.rhubarbinfo.com:80/recipes/soup/index.htm	text/html
20010624072151	http://www.rhubarbinfo.com:80/recipes/tart/index.htm	text/html
20001214140200	http://www.rhubarbinfo.com:80/recipes/wine/index.htm	text/html
20190901115436	http://www.rhubarbinfo.com:80/rheum_palmatum	text/html
20160711013107	http://www.rhubarbinfo.com:80/rhuarb_slump	text/html
20010821014446	http://www.rhubarbinfo.com:80/rhubarb-awards.html	text/html
20081014075628	http://www.rhubarbinfo.com:80/rhubarb-background.html	text/html
20010408194856	http://rhubarbinfo.com:80/rhubarb-bacteria.html	text/html
20001012155205	http://rhubarbinfo.com:80/rhubarb-bibliography.html	text/html
20010804155453	http://www.rhubarbinfo.com:80/rhubarb-copyright.html	text/html
20081014063215	http://www.rhubarbinfo.com:80/rhubarb-festivals.html	text/html
20081016043131	http://www.rhubarbinfo.com:80/rhubarb-food.html	text/html
20081018235019	http://www.rhubarbinfo.com:80/rhubarb-forcing.html	text/html
20081014075634	http://www.rhubarbinfo.com:80/rhubarb-growing.html	text/html
20081014054140	http://www.rhubarbinfo.com:80/rhubarb-helpme.html	text/html
20081017084951	http://www.rhubarbinfo.com:80/rhubarb-history.html	text/html
20081014054150	http://www.rhubarbinfo.com:80/rhubarb-info.html	text/html
20010806222117	http://www.rhubarbinfo.com:80/rhubarb-insects.html	text/html
20010804171035	http://www.rhubarbinfo.com:80/rhubarb-items.htm	text/html
20050211162709	http://www.rhubarbinfo.com:80/rhubarb-medicinal.htm	text/html
20081017085007	http://www.rhubarbinfo.com:80/rhubarb-medicinal.html	text/html
20010804173318	http://www.rhubarbinfo.com:80/rhubarb-notes.html	text/html
20081015030118	http://www.rhubarbinfo.com:80/rhubarb-permission.html	text/html
20010806222914	http://www.rhubarbinfo.com:80/rhubarb-pests.html	text/html
20090918143059	http://www.rhubarbinfo.com/rhubarb-poison.html	text/html
20000816210709	http://www.rhubarbinfo.com:80/rhubarb-problems.html	text/html
20081014160127	http://www.rhubarbinfo.com:80/rhubarb-propagation.html	text/html
20010629182136	http://www.rhubarbinfo.com:80/rhubarb-search.html	text/html
20081021022823	http://www.rhubarbinfo.com:80/rhubarb-sources.html	text/html
20010712101805	http://www.rhubarbinfo.com:80/rhubarb-tissue.html	text/html
20081021032915	http://www.rhubarbinfo.com:80/rhubarb-uses.html	text/html
20081015042406	http://www.rhubarbinfo.com:80/rhubarb-varieties.html	text/html
20010806214950	http://www.rhubarbinfo.com:80/rhubarb-weeds.html	text/html
20200120002322	http://www.rhubarbinfo.com:80/rhubarb_coffee_cake	text/html
20191016174928	http://rhubarbinfo.com/rhubarb_cream_tea	text/html
20190723203810	http://rhubarbinfo.com/rhubarb_flower	text/html
20190723204249	http://rhubarbinfo.com/rhubarb_flower_buds	text/html
20191118105137	http://rhubarbinfo.com/rhubarb_in_bowl	text/html
20191016174814	http://rhubarbinfo.com/rhubarb_jam	text/html
20190723203753	http://rhubarbinfo.com/rhubarb_leaf_spots	text/html
20200223034141	http://www.rhubarbinfo.com:80/rhubarb_muffins	text/html
20191016174549	http://rhubarbinfo.com/rhubarb_on_banana_bread	text/html
20190723203907	http://rhubarbinfo.com/rhubarb_root	text/html
20191016175315	http://rhubarbinfo.com/rhubarb_upsidedown_cake	text/html
20200222205331	http://rhubarbinfo.com:80/salad	text/html
20200222121201	http://rhubarbinfo.com:80/sauce	text/html
20200302055339	http://www.rhubarbinfo.com:80/seedpods	text/html
20200222123039	http://rhubarbinfo.com:80/soup	text/html
20200201022808	http://www.rhubarbinfo.com:80/sources	text/html
20200201022541	http://www.rhubarbinfo.com:80/species	text/html
20200224075512	http://www.rhubarbinfo.com:80/startrek	text/html
20191016175902	http://rhubarbinfo.com/strawberry_rhubarb_crisp	text/html
20200222205448	http://rhubarbinfo.com:80/stuff	text/html
20200222205122	http://rhubarbinfo.com:80/tart	text/html
20191016175116	http://rhubarbinfo.com/taxonomy/term/1	text/html
20191018021244	http://www.rhubarbinfo.com/taxonomy/term/100	text/html
20200302055353	http://www.rhubarbinfo.com:80/taxonomy/term/101	text/html
20200302055358	http://www.rhubarbinfo.com:80/taxonomy/term/102	text/html
20191018015115	http://www.rhubarbinfo.com/taxonomy/term/103	text/html
20100706100506	http://www.rhubarbinfo.com:80/taxonomy/term/104	text/html
20191112121331	http://www.rhubarbinfo.com/taxonomy/term/105	text/html
20191016174709	http://rhubarbinfo.com/taxonomy/term/106	text/html
20191112121106	http://www.rhubarbinfo.com/taxonomy/term/107	text/html
20191112121433	http://www.rhubarbinfo.com/taxonomy/term/108	text/html
20191016174731	http://rhubarbinfo.com/taxonomy/term/109	text/html
20191016180354	http://rhubarbinfo.com/taxonomy/term/110	text/html
20191016150903	http://rhubarbinfo.com/taxonomy/term/111	text/html
20191016175526	http://rhubarbinfo.com/taxonomy/term/112	text/html
20191112121525	http://www.rhubarbinfo.com/taxonomy/term/113	text/html
20191112121423	http://www.rhubarbinfo.com/taxonomy/term/114	text/html
20121110051527	http://www.rhubarbinfo.com/taxonomy/term/115	text/html
20121010073018	http://www.rhubarbinfo.com/taxonomy/term/116	text/html
20121010071959	http://www.rhubarbinfo.com/taxonomy/term/117	text/html
20121110115513	http://www.rhubarbinfo.com:80/taxonomy/term/118	text/html
20121010072950	http://www.rhubarbinfo.com/taxonomy/term/119	text/html
20121010072556	http://www.rhubarbinfo.com/taxonomy/term/120	text/html
20121101025600	http://www.rhubarbinfo.com/taxonomy/term/121	text/html
20121010072939	http://www.rhubarbinfo.com/taxonomy/term/122	text/html
20121029004914	http://www.rhubarbinfo.com/taxonomy/term/123	text/html
20121029005053	http://www.rhubarbinfo.com/taxonomy/term/125	text/html
20121010072049	http://www.rhubarbinfo.com/taxonomy/term/126	text/html
20121106211744	http://www.rhubarbinfo.com/taxonomy/term/127	text/html
20121101025616	http://www.rhubarbinfo.com/taxonomy/term/128	text/html
20121010071848	http://www.rhubarbinfo.com/taxonomy/term/129	text/html
20140630160029	http://rhubarbinfo.com/taxonomy/term/13	text/html
20121106212218	http://www.rhubarbinfo.com/taxonomy/term/130	text/html
20121010071647	http://www.rhubarbinfo.com/taxonomy/term/131	text/html
20190630065017	http://rhubarbinfo.com/taxonomy/term/132	text/html
20141017015712	http://www.rhubarbinfo.com:80/taxonomy/term/14	text/html
20141017015729	http://www.rhubarbinfo.com:80/taxonomy/term/15	text/html
20141009025204	http://www.rhubarbinfo.com:80/taxonomy/term/16	text/html
20141005232006	http://www.rhubarbinfo.com:80/taxonomy/term/17	text/html
20141009025213	http://www.rhubarbinfo.com:80/taxonomy/term/18	text/html
20191018015523	http://www.rhubarbinfo.com/taxonomy/term/19	text/html
20191016175851	http://rhubarbinfo.com/taxonomy/term/2	text/html
20140702015549	http://rhubarbinfo.com/taxonomy/term/20	text/html
20191112121454	http://www.rhubarbinfo.com/taxonomy/term/25	text/html
20191112121321	http://www.rhubarbinfo.com/taxonomy/term/29	text/html
20200302055404	http://www.rhubarbinfo.com:80/taxonomy/term/3	text/html
20141009025232	http://www.rhubarbinfo.com:80/taxonomy/term/30	text/html
20200120001313	http://www.rhubarbinfo.com:80/taxonomy/term/32	text/html
20200302055409	http://www.rhubarbinfo.com:80/taxonomy/term/33	text/html
20200119235242	http://www.rhubarbinfo.com:80/taxonomy/term/34	text/html
20191018015748	http://www.rhubarbinfo.com/taxonomy/term/38	text/html
20200302055414	http://www.rhubarbinfo.com:80/taxonomy/term/41	text/html
20191112121045	http://www.rhubarbinfo.com/taxonomy/term/44	text/html
20191112121515	http://www.rhubarbinfo.com/taxonomy/term/45	text/html
20200302055419	http://www.rhubarbinfo.com:80/taxonomy/term/49	text/html
20191016174436	http://rhubarbinfo.com/taxonomy/term/50	text/html
20121029005002	http://www.rhubarbinfo.com/taxonomy/term/52	text/html
20191016180121	http://rhubarbinfo.com/taxonomy/term/56	text/html
20191016175548	http://rhubarbinfo.com/taxonomy/term/57	text/html
20191016150845	http://rhubarbinfo.com/taxonomy/term/59	text/html
20200119205225	http://www.rhubarbinfo.com:80/taxonomy/term/60	text/html
20191016175027	http://rhubarbinfo.com/taxonomy/term/61	text/html
20191016174341	http://rhubarbinfo.com/taxonomy/term/62	text/html
20191016180153	http://rhubarbinfo.com/taxonomy/term/63	text/html
20121018071608	http://www.rhubarbinfo.com:80/taxonomy/term/64	text/html
20200120001308	http://www.rhubarbinfo.com:80/taxonomy/term/65	text/html
20191016174753	http://rhubarbinfo.com/taxonomy/term/66	text/html
20200120154956	http://www.rhubarbinfo.com:80/taxonomy/term/68	text/html
20191016175441	http://rhubarbinfo.com/taxonomy/term/69	text/html
20191018020351	http://www.rhubarbinfo.com/taxonomy/term/7	text/html
20200302055424	http://www.rhubarbinfo.com:80/taxonomy/term/70	text/html
20191016180846	http://rhubarbinfo.com/taxonomy/term/74	text/html
20191016180032	http://rhubarbinfo.com/taxonomy/term/75	text/html
20191016174611	http://rhubarbinfo.com/taxonomy/term/78	text/html
20200120154220	http://www.rhubarbinfo.com:80/taxonomy/term/81	text/html
20200119233736	http://www.rhubarbinfo.com:80/taxonomy/term/82	text/html
20200119233741	http://www.rhubarbinfo.com:80/taxonomy/term/83	text/html
20200302055429	http://www.rhubarbinfo.com:80/taxonomy/term/85	text/html
20200302055434	http://www.rhubarbinfo.com:80/taxonomy/term/87	text/html
20200302055439	http://www.rhubarbinfo.com:80/taxonomy/term/88	text/html
20200302055454	http://www.rhubarbinfo.com:80/taxonomy/term/89	text/html
20200302055459	http://www.rhubarbinfo.com:80/taxonomy/term/90	text/html
20191016175244	http://rhubarbinfo.com/taxonomy/term/91	text/html
20200119235439	http://www.rhubarbinfo.com:80/taxonomy/term/92	text/html
20100714000650	http://www.rhubarbinfo.com:80/taxonomy/term/93	text/html
20200119205654	http://www.rhubarbinfo.com:80/taxonomy/term/94	text/html
20191016175431	http://rhubarbinfo.com/taxonomy/term/95	text/html
20191018023913	http://www.rhubarbinfo.com/taxonomy/term/96	text/html
20191018022603	http://www.rhubarbinfo.com/taxonomy/term/97	text/html
20191018021319	http://www.rhubarbinfo.com/taxonomy/term/98	text/html
20191018015949	http://www.rhubarbinfo.com/taxonomy/term/99	text/html
20141006000651	http://www.rhubarbinfo.com:80/varieties	text/html
20190723203840	http://rhubarbinfo.com/victoria_rhubarb_plant	text/html
20190723203827	http://rhubarbinfo.com/victoria_rhubarb_stalks	text/html
20200222205023	http://rhubarbinfo.com:80/wine	text/html
