20010619114143	http://www.rhubarbinfo.com:80/bookstore/buy-the-book-cart.gif	image/gif
20001002021456	http://www.rhubarbinfo.com:80/burpee/B69187.jpg	image/jpeg
20010807091935	http://rhubarbinfo.com:80/cooking/105902h.jpg	image/jpeg
20010807092807	http://rhubarbinfo.com:80/cooking/105909h.jpg	image/jpeg
20010807092927	http://rhubarbinfo.com:80/cooking/122121v.jpg	image/jpeg
20010807093120	http://rhubarbinfo.com:80/cooking/122142v.jpg	image/jpeg
20180202185105	http://www.rhubarbinfo.com/csf_small.png	image/png
20240911121041	https://www.rhubarbinfo.com/favicon.ico	image/x-icon
20200101163248	http://www.rhubarbinfo.com/files/icons/camera_small.png	image/png
20160407230913	http://www.rhubarbinfo.com/files/icons/emoticon_tongue.png	image/png
20190509034630	http://www.rhubarbinfo.com/files/icons/emoticon_unhappy.png	image/png
20120503225339	http://rhubarbinfo.com/files/icons/error.png	image/png
20200119042445	http://www.rhubarbinfo.com/files/icons/new.png	image/png
20200119042445	http://www.rhubarbinfo.com/files/icons/wrench.png	image/png
20131006140844	http://www.rhubarbinfo.com/files/images/1718649686_ac9af1a565.thumbnail.jpg	image/jpeg
20160314044850	http://www.rhubarbinfo.com/files/images/3505388160_bbd43aef44.jpg	image/jpeg
20131006141222	http://www.rhubarbinfo.com/files/images/3563540826_6385cd6999_o.thumbnail.jpg	image/jpeg
20200101163252	http://www.rhubarbinfo.com/files/images/4347479130_88f666c036_b.jpg	image/jpeg
20131006142547	http://www.rhubarbinfo.com/files/images/4347479130_88f666c036_b.thumbnail.jpg	image/jpeg
20131229192232	http://rhubarbinfo.com/files/images/4698212958_fd1dc860d1.jpg	image/jpeg
20131229182837	http://rhubarbinfo.com/files/images/CompostBin.jpg	image/jpeg
20131229185300	http://rhubarbinfo.com/files/images/ProduceMarketWithRhubarb.jpg	image/jpeg
20131229192415	http://rhubarbinfo.com/files/images/RedRhubarbStalks.jpg	image/jpeg
20131229190345	http://rhubarbinfo.com/files/images/RhubarbCoffeeCake.jpg	image/jpeg
20120808100933	http://www.rhubarbinfo.com/files/images/RhubarbCoffeeCake.preview.jpg	image/jpeg
20190926192509	http://www.rhubarbinfo.com/files/images/RhubarbMuffins.jpg	image/jpeg
20130911071618	http://www.rhubarbinfo.com/files/images/RhubarbMuffins.preview.jpg	image/jpeg
20191011185156	http://www.rhubarbinfo.com/files/images/TeaRHUBARBcream.jpg	image/jpeg
20140729131320	http://www.rhubarbinfo.com/files/images/aphids_under_leaf.thumbnail.png	image/png
20190722042756	http://www.rhubarbinfo.com/files/images/barbcomposit_with_labels.png	image/png
20200320231848	http://www.rhubarbinfo.com/files/images/cafepress_example.png	image/png
20200101163249	http://www.rhubarbinfo.com/files/images/dock_plant.png	image/png
20131006141001	http://www.rhubarbinfo.com/files/images/dry_rhubarb_soda.thumbnail.png	image/png
20160418050413	http://www.rhubarbinfo.com/files/images/earwigs_in_flowerstalk.jpg	image/jpeg
20131006154359	http://www.rhubarbinfo.com/files/images/earwigs_in_flowerstalk.thumbnail.jpg	image/jpeg
20190722042756	http://www.rhubarbinfo.com/files/images/emerging_flower.png	image/png
20120814093335	http://www.rhubarbinfo.com/files/images/emerging_flower.preview.png	image/png
20131009003804	http://www.rhubarbinfo.com/files/images/emerging_flower.thumbnail.png	image/png
20160314021905	http://www.rhubarbinfo.com/files/images/goliath_forced.png	image/png
20131006151117	http://www.rhubarbinfo.com/files/images/goliath_forced.thumbnail.png	image/png
20191011185157	http://www.rhubarbinfo.com/files/images/honesty-image.jpg	image/jpeg
20200211043024	http://www.rhubarbinfo.com/files/images/oxalicacid.png	image/png
20200320231858	http://www.rhubarbinfo.com/files/images/puppy.png	image/png
20120807094757	http://www.rhubarbinfo.com/files/images/rheum_palmatum.preview.png	image/png
20131010110456	http://www.rhubarbinfo.com/files/images/rheum_palmatum.thumbnail.png	image/png
20131006135013	http://www.rhubarbinfo.com/files/images/rhubarb_beetle.thumbnail.png	image/png
20131006144948	http://www.rhubarbinfo.com/files/images/rhubarb_cherryred_plant.thumbnail.png	image/png
20131006153024	http://www.rhubarbinfo.com/files/images/rhubarb_cubed.thumbnail.png	image/png
20160418051722	http://www.rhubarbinfo.com/files/images/rhubarb_flowers_blooming.png	image/png
20150814210735	http://www.rhubarbinfo.com/files/images/rhubarb_in_manure_0.png	image/png
20160418110703	http://www.rhubarbinfo.com/files/images/rhubarb_plant_victoria.png	image/png
20160418115414	http://www.rhubarbinfo.com/files/images/rhubarb_roots.png	image/png
20131229191424	http://rhubarbinfo.com/files/images/rhubarb_seeds.png	image/png
20131229185237	http://rhubarbinfo.com/files/images/rhubarb_spring_growth.png	image/png
20190719182624	http://www.rhubarbinfo.com/files/images/rhubarb_stalks_assorted.jpg	image/jpeg
20131006164844	http://www.rhubarbinfo.com/files/images/rhubarb_stalks_assorted.thumbnail.jpg	image/jpeg
20030914095106	http://www.rhubarbinfo.com:80/icons/back.gif	image/gif
20030515063117	http://www.rhubarbinfo.com:80/icons/blank.gif	image/gif
20030914104123	http://www.rhubarbinfo.com:80/icons/image2.gif	image/gif
20030914112154	http://www.rhubarbinfo.com:80/icons/unknown.gif	image/gif
20061028182858	http://www.rhubarbinfo.com:80/images/7033011.jpg	image/jpeg
20061029164507	http://www.rhubarbinfo.com:80/images/ECB.jpg	image/jpeg
20070314141206	http://www.rhubarbinfo.com:80/images/R001.jpg	image/jpeg
20070314141216	http://www.rhubarbinfo.com:80/images/R002.jpg	image/jpeg
20060209042822	http://www.rhubarbinfo.com:80/images/R003.jpg	image/jpeg
20061209053324	http://www.rhubarbinfo.com:80/images/R004.jpg	image/jpeg
20061208225639	http://www.rhubarbinfo.com:80/images/R005.jpg	image/jpeg
20001003202718	http://www.rhubarbinfo.com:80/images/R006.gif	im
20030921110229	http://www.rhubarbinfo.com:80/images/R007.jpg	image/jpeg
20030921122616	http://www.rhubarbinfo.com:80/images/R008.jpg	image/jpeg
20030921220004	http://www.rhubarbinfo.com:80/images/R009.jpg	image/jpeg
20030921232210	http://www.rhubarbinfo.com:80/images/R010.jpg	image/jpeg
20070312195646	http://www.rhubarbinfo.com:80/images/R011.jpg	image/jpeg
20030922011050	http://www.rhubarbinfo.com:80/images/R012.jpg	image/jpeg
20070312091243	http://www.rhubarbinfo.com:80/images/R013.jpg	image/jpeg
20061025220609	http://www.rhubarbinfo.com:80/images/R014.jpg	image/jpeg
20010702083202	http://www.rhubarbinfo.com:80/images/R015.jpg	image/jpeg
20061208225811	http://www.rhubarbinfo.com:80/images/R016.jpg	image/jpeg
20060209042836	http://www.rhubarbinfo.com:80/images/R017.jpg	image/jpeg
20010821210218	http://rhubarbinfo.com:80/images/R018.jpg	image/jpeg
20010821210935	http://rhubarbinfo.com:80/images/R019.jpg	image/jpeg
20061209053551	http://www.rhubarbinfo.com:80/images/R020.jpg	image/jpeg
20010702074333	http://www.rhubarbinfo.com:80/images/R021.jpg	image/jpeg
20010821211001	http://rhubarbinfo.com:80/images/R022.jpg	image/jpeg
20070107081852	http://www.rhubarbinfo.com:80/images/R023.jpg	image/jpeg
20010702082115	http://www.rhubarbinfo.com:80/images/R024.jpg	image/jpeg
20061211101314	http://www.rhubarbinfo.com:80/images/R025.jpg	image/jpeg
20010821212523	http://rhubarbinfo.com:80/images/R026.jpg	image/jpeg
20010811125449	http://rhubarbinfo.com:80/images/R027.jpg	image/jpeg
20010702090138	http://www.rhubarbinfo.com:80/images/R028.jpg	image/jpeg
20010811130104	http://rhubarbinfo.com:80/images/R029.jpg	image/jpeg
20010706121312	http://www.rhubarbinfo.com:80/images/R030.jpg	image/jpeg
20010706122828	http://www.rhubarbinfo.com:80/images/R031.jpg	image/jpeg
20010821213428	http://rhubarbinfo.com:80/images/R032.jpg	image/jpeg
20060727233231	http://www.rhubarbinfo.com:80/images/R033.jpg	image/jpeg
20010706111943	http://www.rhubarbinfo.com:80/images/R034.jpg	image/jpeg
20070107081844	http://www.rhubarbinfo.com:80/images/R035.jpg	image/jpeg
20061026020150	http://www.rhubarbinfo.com:80/images/R036.jpg	image/jpeg
20010821214106	http://rhubarbinfo.com:80/images/R037.jpg	image/jpeg
20010821214608	http://rhubarbinfo.com:80/images/R038.jpg	image/jpeg
20010706121316	http://www.rhubarbinfo.com:80/images/R039.jpg	image/jpeg
20010807051722	http://rhubarbinfo.com:80/images/R040.jpg	image/jpeg
20060721034056	http://www.rhubarbinfo.com:80/images/R041.jpg	image/jpeg
20061029164908	http://www.rhubarbinfo.com:80/images/R042.jpg	image/jpeg
20010821215652	http://rhubarbinfo.com:80/images/R043.jpg	image/jpeg
20061211121747	http://www.rhubarbinfo.com:80/images/R044.jpg	image/jpeg
20061208225747	http://www.rhubarbinfo.com:80/images/R045.jpg	image/jpeg
20061209194016	http://www.rhubarbinfo.com:80/images/R046.jpg	image/jpeg
20061211095844	http://www.rhubarbinfo.com:80/images/R047.jpg	image/jpeg
20061208225827	http://www.rhubarbinfo.com:80/images/R048.jpg	image/jpeg
20061208225852	http://www.rhubarbinfo.com:80/images/R049.jpg	image/jpeg
20070313164324	http://www.rhubarbinfo.com:80/images/R050.jpg	image/jpeg
20070313164333	http://www.rhubarbinfo.com:80/images/R051.jpg	image/jpeg
20070312232944	http://www.rhubarbinfo.com:80/images/R500.jpg	image/jpeg
20061025220557	http://www.rhubarbinfo.com:80/images/R501.jpg	image/jpeg
20070107002509	http://www.rhubarbinfo.com:80/images/R502.jpg	image/jpeg
20070420203533	http://www.rhubarbinfo.com:80/images/R503.jpg	image/jpeg
20070322082005	http://www.rhubarbinfo.com:80/images/R504.jpg	image/jpeg
20061028183023	http://www.rhubarbinfo.com:80/images/R505.jpg	image/jpeg
20070107161833	http://www.rhubarbinfo.com:80/images/R600.jpg	image/jpeg
20070206064734	http://www.rhubarbinfo.com:80/images/R604.jpg	image/jpeg
20070313164258	http://www.rhubarbinfo.com:80/images/R605.jpg	image/jpeg
20061029164838	http://www.rhubarbinfo.com:80/images/R606.jpg	image/jpeg
20070331010251	http://www.rhubarbinfo.com:80/images/RhubarbWineDaylily.jpg	image/jpeg
20131229195213	http://rhubarbinfo.com/images/background.png	image/png
20070107002445	http://www.rhubarbinfo.com:80/images/bbppr2.GIF	image/gif
20010811134809	http://rhubarbinfo.com:80/images/conidia.jpg	image/jpeg
20010811135314	http://rhubarbinfo.com:80/images/crn_armyworm_larva.jpg	image/jpeg
20091024222453	http://www.rhubarbinfo.com/images/crn_fall_armyworm.jpg	image/jpeg
20010811135910	http://rhubarbinfo.com:80/images/crn_glassy_cutworm.jpg	image/jpeg
20060813141950	http://www.rhubarbinfo.com:80/images/curculio.jpg	image/jpeg
20061028183002	http://www.rhubarbinfo.com:80/images/driedroot.gif	image/gif
20001003125202	http://www.rhubarbinfo.com:80/images/farmers.almanac.jpg	im
20061029164617	http://www.rhubarbinfo.com:80/images/festivalmap.gif	image/gif
20010811141232	http://rhubarbinfo.com:80/images/fleabeetle.gif	image/gif
20001003220058	http://www.rhubarbinfo.com:80/images/foodresource.gif	im
20060721034110	http://www.rhubarbinfo.com:80/images/forcinghothouse.gif	image/gif
20010811141621	http://rhubarbinfo.com:80/images/greenaphid.jpg	image/jpeg
20000824033525	http://www.rhubarbinfo.com:80/images/honeyfungus1.jpg	image/jpeg
20001002234354	http://www.rhubarbinfo.com:80/images/iw-mini.gif	im
20010811142443	http://rhubarbinfo.com:80/images/japanesebeetle.gif	image/gif
20001004010912	http://www.rhubarbinfo.com:80/images/launchpad.gif	im
20000824034550	http://www.rhubarbinfo.com:80/images/lblw1a.gif	image/gif
20001004060430	http://www.rhubarbinfo.com:80/images/leaf001.jpg	im
20010814180013	http://rhubarbinfo.com:80/images/leaf001small.gif	image/gif
20001013122939	http://www.rhubarbinfo.com:80/images/leaves.gif	im
20030601101921	http://www.rhubarbinfo.com:80/images/logo.footer.gif	image/gif
20021027204001	http://rhubarbinfo.com:80/images/logo.header.gif	image/gif
20001002233235	http://www.rhubarbinfo.com:80/images/maunys.gif	im
20000824033510	http://www.rhubarbinfo.com:80/images/mulch.gif	image/gif
20010811143453	http://rhubarbinfo.com:80/images/mulch.jpg	image/jpeg
20070205192543	http://www.rhubarbinfo.com:80/images/order_now.gif	image/gif
20070126042326	http://www.rhubarbinfo.com:80/images/oxalicacid.gif	image/gif
20091024211625	http://rhubarbinfo.com/images/plant.gif	image/gif
20200320231750	http://www.rhubarbinfo.com/images/plant.png	image/png
20010814180037	http://rhubarbinfo.com:80/images/point.gif	image/gif
20000928111326	http://rhubarbinfo.com:80/images/redstalks.gif	im
20140829171117	http://www.rhubarbinfo.com/images/rhubarbparts.gif	image/gif
20010623084908	http://www.rhubarbinfo.com:80/images/ring4.jpg	image/jpeg
20001006162854	http://www.rhubarbinfo.com:80/images/ring5.jpg	im
20010814180105	http://rhubarbinfo.com:80/images/small.onecupofbarb.noback.gif	image/gif
20000824034407	http://www.rhubarbinfo.com:80/images/soar-mini.gif	image/gif
20000905112438	http://www.rhubarbinfo.com:80/images/stalkborer.jpg	im
20091024211635	http://rhubarbinfo.com/images/stalks-green.gif	image/gif
20091024211630	http://rhubarbinfo.com/images/stalks-red.gif	image/gif
20061029164640	http://www.rhubarbinfo.com:80/images/t_new6.jpg	image/jpeg
20000824034334	http://www.rhubarbinfo.com:80/images/tasteof.jpg	image/jpeg
20001003235813	http://www.rhubarbinfo.com:80/images/tstaward.gif	im
20001004055749	http://www.rhubarbinfo.com:80/images/url.gif	im
20001003060328	http://www.rhubarbinfo.com:80/images/yahoo-potw.gif	im
20010811145301	http://rhubarbinfo.com:80/images/yellow.woolley.bear.moth.jpg	image/jpeg
20131229182906	http://rhubarbinfo.com/mini/bonsai.png	image/png
20200320231802	http://www.rhubarbinfo.com/mini/bookstack01.png	image/png
20200320231813	http://www.rhubarbinfo.com/mini/bookstack02.png	image/png
20200119042447	http://www.rhubarbinfo.com/mini/bread.png	image/png
20200119042438	http://www.rhubarbinfo.com/mini/breadmachine.png	image/png
20200119042440	http://www.rhubarbinfo.com/mini/cake.png	image/png
20200119042443	http://www.rhubarbinfo.com/mini/candy.png	image/png
20160407082332	http://www.rhubarbinfo.com/mini/ccbysa.png	image/png
20200119042444	http://www.rhubarbinfo.com/mini/chicken.png	image/png
20200119042436	http://www.rhubarbinfo.com/mini/chocolate.png	image/png
20200119042444	http://www.rhubarbinfo.com/mini/cobbler.png	image/png
20160407230814	http://www.rhubarbinfo.com/mini/compass.png	image/png
20200119042442	http://www.rhubarbinfo.com/mini/cookie.png	image/png
20160407171431	http://www.rhubarbinfo.com/mini/crossbones.png	image/png
20200119042444	http://www.rhubarbinfo.com/mini/cupcake.png	image/png
20200119042445	http://www.rhubarbinfo.com/mini/drink.png	image/png
20200119042438	http://www.rhubarbinfo.com/mini/dumpling.png	image/png
20200119042442	http://www.rhubarbinfo.com/mini/eats.png	image/png
20200119042445	http://www.rhubarbinfo.com/mini/fish02.png	image/png
20160407230802	http://www.rhubarbinfo.com/mini/flower.png	image/png
20200119042446	http://www.rhubarbinfo.com/mini/gruel.png	image/png
20200119042437	http://www.rhubarbinfo.com/mini/ham2.png	image/png
20131229183145	http://rhubarbinfo.com/mini/health.png	image/png
20160407170426	http://www.rhubarbinfo.com/mini/hierarchy.png	image/png
20131229183645	http://rhubarbinfo.com/mini/history.png	image/png
20200119042443	http://www.rhubarbinfo.com/mini/icecream.png	image/png
20200119042446	http://www.rhubarbinfo.com/mini/jam.png	image/png
20160407231742	http://www.rhubarbinfo.com/mini/kitchen.png	image/png
20200320231824	http://www.rhubarbinfo.com/mini/leaf.png	image/png
20200119042443	http://www.rhubarbinfo.com/mini/lettuce.png	image/png
20131229183117	http://rhubarbinfo.com/mini/medicine.png	image/png
20200119042443	http://www.rhubarbinfo.com/mini/muffin.png	image/png
20160407230847	http://www.rhubarbinfo.com/mini/package.png	image/png
20200119042437	http://www.rhubarbinfo.com/mini/pickles.png	image/png
20200119042447	http://www.rhubarbinfo.com/mini/pie.png	image/png
20160407230852	http://www.rhubarbinfo.com/mini/pot.png	image/png
20200119042447	http://www.rhubarbinfo.com/mini/pudding.png	image/png
20131229182049	http://rhubarbinfo.com/mini/question.png	image/png
20160407231732	http://www.rhubarbinfo.com/mini/red_green.png	image/png
20160407230751	http://www.rhubarbinfo.com/mini/sack.png	image/png
20200119042436	http://www.rhubarbinfo.com/mini/sauce.png	image/png
20160407170312	http://www.rhubarbinfo.com/mini/seeds.png	image/png
20160407230824	http://www.rhubarbinfo.com/mini/snowflake.png	image/png
20200119042439	http://www.rhubarbinfo.com/mini/souffle.png	image/png
20200119042441	http://www.rhubarbinfo.com/mini/soup.png	image/png
20160407230948	http://www.rhubarbinfo.com/mini/sprout.png	image/png
20200119042437	http://www.rhubarbinfo.com/mini/star03.png	image/png
20200119042440	http://www.rhubarbinfo.com/mini/tart.png	image/png
20190402072802	http://www.rhubarbinfo.com/mini/thumbup.png	image/png
20200119042442	http://www.rhubarbinfo.com/mini/trifle.png	image/png
20200119042440	http://www.rhubarbinfo.com/mini/wine.png	image/png
20070312091234	http://www.rhubarbinfo.com:80/ricons/Th_up.gif	image/gif
20070206122848	http://www.rhubarbinfo.com:80/ricons/bread.gif	image/gif
20061027212747	http://www.rhubarbinfo.com:80/ricons/cake.gif	image/gif
20070419085741	http://www.rhubarbinfo.com:80/ricons/candy.gif	image/gif
20070418093143	http://www.rhubarbinfo.com:80/ricons/chicken.gif	image/gif
20061027212952	http://www.rhubarbinfo.com:80/ricons/chocolate.gif	image/gif
20070419085636	http://www.rhubarbinfo.com:80/ricons/cobbler.gif	image/gif
20070418093207	http://www.rhubarbinfo.com:80/ricons/cookie.gif	image/gif
20070206122927	http://www.rhubarbinfo.com:80/ricons/cupcake.gif	image/gif
20070419051521	http://www.rhubarbinfo.com:80/ricons/drink.gif	image/gif
20070418091209	http://www.rhubarbinfo.com:80/ricons/dumpling.gif	image/gif
20061027212059	http://www.rhubarbinfo.com:80/ricons/eats.gif	image/gif
20070418182337	http://www.rhubarbinfo.com:80/ricons/fish02.gif	image/gif
20060724060403	http://www.rhubarbinfo.com:80/ricons/frowny.gif	image/gif
20070418093414	http://www.rhubarbinfo.com:80/ricons/gruel.gif	image/gif
20070419013225	http://www.rhubarbinfo.com:80/ricons/ham2.gif	image/gif
20070419013207	http://www.rhubarbinfo.com:80/ricons/icecream.gif	image/gif
20070206012540	http://www.rhubarbinfo.com:80/ricons/jam.gif	image/gif
20070419085837	http://www.rhubarbinfo.com:80/ricons/kitchen.gif	image/gif
20061027213118	http://www.rhubarbinfo.com:80/ricons/lettuce.gif	image/gif
20070331010323	http://www.rhubarbinfo.com:80/ricons/link.gif	image/gif
20000824032712	http://www.rhubarbinfo.com:80/ricons/man.gif	image/gif
20010811150244	http://rhubarbinfo.com:80/ricons/mini76.gif	image/gif
20070206064805	http://www.rhubarbinfo.com:80/ricons/muffin.gif	image/gif
20010825091944	http://rhubarbinfo.com:80/ricons/new.gif	image/gif
20091024211616	http://rhubarbinfo.com/ricons/page.gif	image/gif
20061211044802	http://www.rhubarbinfo.com:80/ricons/paw.gif	image/gif
20070419085919	http://www.rhubarbinfo.com:80/ricons/pickles.gif	image/gif
20070418182304	http://www.rhubarbinfo.com:80/ricons/pie.gif	image/gif
20070418091131	http://www.rhubarbinfo.com:80/ricons/pudding.icon.gif	image/gif
20010706120913	http://www.rhubarbinfo.com:80/ricons/right.gif	image/gif
20000824034607	http://www.rhubarbinfo.com:80/ricons/rip02.gif	image/gif
20010602150904	http://rhubarbinfo.com:80/ricons/rsaclabel.gif	image/gif
20070419013132	http://www.rhubarbinfo.com:80/ricons/sauce.gif	image/gif
20011222093630	http://rhubarbinfo.com:80/ricons/smiley.gif	image/gif
20060823071200	http://www.rhubarbinfo.com:80/ricons/souffle.gif	image/gif
20070418093109	http://www.rhubarbinfo.com:80/ricons/soup.gif	image/gif
20000816210823	http://www.rhubarbinfo.com:80/ricons/stalks.gif	image/gif
20070418091241	http://www.rhubarbinfo.com:80/ricons/star03.gif	image/gif
20070418182213	http://www.rhubarbinfo.com:80/ricons/strawberry.gif	image/gif
20070206012624	http://www.rhubarbinfo.com:80/ricons/tart.gif	image/gif
20010811151351	http://rhubarbinfo.com:80/ricons/tomato.gif	image/gif
20070418181953	http://www.rhubarbinfo.com:80/ricons/trifle.gif	image/gif
20060209042924	http://www.rhubarbinfo.com:80/ricons/trowel.gif	image/gif
20070418093351	http://www.rhubarbinfo.com:80/ricons/wine.gif	image/gif
20010806165558	http://rhubarbinfo.com:80/ricons/woman.gif	image/gif
20010814182246	http://rhubarbinfo.com:80/spicerack/images/spice_xmas_3.gif	image/gif
