20190806202901	http://atomicrhubarb.rhubarbinfo.com/	text/html	subdomain-atomicrhubarb
20060430160012	http://atomicrhubarb.rhubarbinfo.com:80/3dmodule.html	text/html	subdomain-atomicrhubarb
20060504185036	http://atomicrhubarb.rhubarbinfo.com:80/Patent%206426559.pdf	application/pdf	subdomain-atomicrhubarb
20060504185057	http://atomicrhubarb.rhubarbinfo.com:80/deid.html	text/html	subdomain-atomicrhubarb
20060504184936	http://atomicrhubarb.rhubarbinfo.com:80/images/3dmodule.gif	image/gif	subdomain-atomicrhubarb
20060517044816	http://atomicrhubarb.rhubarbinfo.com:80/images/TINI.gif	image/gif	subdomain-atomicrhubarb
20060517021414	http://atomicrhubarb.rhubarbinfo.com:80/images/arz1.gif	image/gif	subdomain-atomicrhubarb
20060517044733	http://atomicrhubarb.rhubarbinfo.com:80/images/buy-from-tan.gif	image/gif	subdomain-atomicrhubarb
20060517044722	http://atomicrhubarb.rhubarbinfo.com:80/images/cover-small.png	image/png	subdomain-atomicrhubarb
20060504185027	http://atomicrhubarb.rhubarbinfo.com:80/index.html	text/html	subdomain-atomicrhubarb
20060430160007	http://atomicrhubarb.rhubarbinfo.com:80/javadevices.html	text/html	subdomain-atomicrhubarb
20190806202850	http://atomicrhubarb.rhubarbinfo.com/robots.txt	text/plain	subdomain-atomicrhubarb
20121101022520	http://new.rhubarbinfo.com/robots.txt	text/plain	mime:text/plain
20000824034439	http://www.rhubarbinfo.com:80/bookstore/135x50-b-IAW-logo.gif	image/gif	path-prefix:/bookstore/135x50
20000929140940	http://www.rhubarbinfo.com:80/bookstore/associate/0020529627_m.gif	image/gif	path-prefix:/bookstore/associate/
20000824033708	http://www.rhubarbinfo.com:80/bookstore/associate/0025579207_m.gif	image/gif	path-prefix:/bookstore/associate/
20010811105403	http://rhubarbinfo.com:80/bookstore/associate/0028610024_m.gif	image/gif	path-prefix:/bookstore/associate/
20010706183839	http://www.rhubarbinfo.com:80/bookstore/associate/0060167491_m.gif	image/gif	path-prefix:/bookstore/associate/
20000929141049	http://www.rhubarbinfo.com:80/bookstore/associate/0060187654_m.gif	image/gif	path-prefix:/bookstore/associate/
20010811105654	http://rhubarbinfo.com:80/bookstore/associate/0060208627_m.gif	image/gif	path-prefix:/bookstore/associate/
20010811110145	http://rhubarbinfo.com:80/bookstore/associate/0137540035_m.gif	image/gif	path-prefix:/bookstore/associate/
20000929141040	http://www.rhubarbinfo.com:80/bookstore/associate/0312143435_m.gif	image/gif	path-prefix:/bookstore/associate/
20000929141037	http://www.rhubarbinfo.com:80/bookstore/associate/0316357200_m.gif	image/gif	path-prefix:/bookstore/associate/
20010702091536	http://www.rhubarbinfo.com:80/bookstore/associate/0452269288_m.gif	image/gif	path-prefix:/bookstore/associate/
20000929140944	http://www.rhubarbinfo.com:80/bookstore/associate/0471135623_m.gif	image/gif	path-prefix:/bookstore/associate/
20010706184255	http://www.rhubarbinfo.com:80/bookstore/associate/0471292753_m.gif	image/gif	path-prefix:/bookstore/associate/
20010608010652	http://rhubarbinfo.com:80/bookstore/associate/0486278883_m.gif	image/gif	path-prefix:/bookstore/associate/
20000929140804	http://www.rhubarbinfo.com:80/bookstore/associate/051712226X_m.gif	image/gif	path-prefix:/bookstore/associate/
20000929140954	http://www.rhubarbinfo.com:80/bookstore/associate/0517148293_m.gif	image/gif	path-prefix:/bookstore/associate/
20000929141001	http://www.rhubarbinfo.com:80/bookstore/associate/0517555875_m.gif	image/gif	path-prefix:/bookstore/associate/
20000929140958	http://www.rhubarbinfo.com:80/bookstore/associate/0517563452_m.gif	image/gif	path-prefix:/bookstore/associate/
20010702074712	http://www.rhubarbinfo.com:80/bookstore/associate/0521414210_m.gif	image/gif	path-prefix:/bookstore/associate/
20010702075948	http://www.rhubarbinfo.com:80/bookstore/associate/0553075055_m.gif	image/gif	path-prefix:/bookstore/associate/
20010702081030	http://www.rhubarbinfo.com:80/bookstore/associate/0553374761_m.gif	image/gif	path-prefix:/bookstore/associate/
20000929140857	http://www.rhubarbinfo.com:80/bookstore/associate/0670818941_m.gif	image/gif	path-prefix:/bookstore/associate/
20000929141006	http://www.rhubarbinfo.com:80/bookstore/associate/0679450815_m.gif	image/gif	path-prefix:/bookstore/associate/
20010702081156	http://www.rhubarbinfo.com:80/bookstore/associate/068481174x_m.gif	image/gif	path-prefix:/bookstore/associate/
20010702083222	http://www.rhubarbinfo.com:80/bookstore/associate/068482261x_m.gif	image/gif	path-prefix:/bookstore/associate/
20010608010754	http://rhubarbinfo.com:80/bookstore/associate/0684843285_m.gif	image/gif	path-prefix:/bookstore/associate/
20010706190759	http://www.rhubarbinfo.com:80/bookstore/associate/0688044026_m.gif	image/gif	path-prefix:/bookstore/associate/
20000929140849	http://www.rhubarbinfo.com:80/bookstore/associate/0688114253_m.gif	image/gif	path-prefix:/bookstore/associate/
20010623090212	http://www.rhubarbinfo.com:80/bookstore/associate/0688160646_m.gif	image/gif	path-prefix:/bookstore/associate/
20010807090656	http://rhubarbinfo.com:80/bookstore/associate/0691087474_m.gif	image/gif	path-prefix:/bookstore/associate/
20010811110932	http://rhubarbinfo.com:80/bookstore/associate/0706370791_m.gif	image/gif	path-prefix:/bookstore/associate/
20000929132627	http://www.rhubarbinfo.com:80/bookstore/associate/0716750619_m.gif	image/gif	path-prefix:/bookstore/associate/
20000824205839	http://www.rhubarbinfo.com:80/bookstore/associate/0761115129.gif	im	path-prefix:/bookstore/associate/
20010623103832	http://www.rhubarbinfo.com:80/bookstore/associate/0762400803_m.gif	image/gif	path-prefix:/bookstore/associate/
20000929140901	http://www.rhubarbinfo.com:80/bookstore/associate/0789401843_m.gif	image/gif	path-prefix:/bookstore/associate/
20000929141059	http://www.rhubarbinfo.com:80/bookstore/associate/0789404354_m.gif	image/gif	path-prefix:/bookstore/associate/
20010811111344	http://rhubarbinfo.com:80/bookstore/associate/0789410672_m.gif	image/gif	path-prefix:/bookstore/associate/
20010706191132	http://www.rhubarbinfo.com:80/bookstore/associate/0809229706_m.gif	image/gif	path-prefix:/bookstore/associate/
20000929140909	http://www.rhubarbinfo.com:80/bookstore/associate/0811813371_m.gif	image/gif	path-prefix:/bookstore/associate/
20000929140834	http://www.rhubarbinfo.com:80/bookstore/associate/0812083628_m.gif	image/gif	path-prefix:/bookstore/associate/
20010814174523	http://rhubarbinfo.com:80/bookstore/associate/0843138246_01_M.gif	image/gif	path-prefix:/bookstore/associate/
20001006174005	http://www.rhubarbinfo.com:80/bookstore/associate/0848715403_m.gif	im	path-prefix:/bookstore/associate/
20010706192537	http://www.rhubarbinfo.com:80/bookstore/associate/0848722280_m.gif	image/gif	path-prefix:/bookstore/associate/
20000929140812	http://www.rhubarbinfo.com:80/bookstore/associate/0875965997_m.gif	image/gif	path-prefix:/bookstore/associate/
20010811111407	http://rhubarbinfo.com:80/bookstore/associate/0875967531_m.gif	image/gif	path-prefix:/bookstore/associate/
20001003062234	http://www.rhubarbinfo.com:80/bookstore/associate/0875967663_m.gif	im	path-prefix:/bookstore/associate/
20001004013349	http://www.rhubarbinfo.com:80/bookstore/associate/087596799x_m.gif	im	path-prefix:/bookstore/associate/
20010702083842	http://www.rhubarbinfo.com:80/bookstore/associate/087596964x_m.gif	image/gif	path-prefix:/bookstore/associate/
20001003210520	http://www.rhubarbinfo.com:80/bookstore/associate/0878579915_m.gif	im	path-prefix:/bookstore/associate/
20000929140925	http://www.rhubarbinfo.com:80/bookstore/associate/0879610123_m.gif	image/gif	path-prefix:/bookstore/associate/
20010706194541	http://www.rhubarbinfo.com:80/bookstore/associate/0880072148_m.gif	image/gif	path-prefix:/bookstore/associate/
20010806171230	http://rhubarbinfo.com:80/bookstore/associate/0881922587_m.gif	image/gif	path-prefix:/bookstore/associate/
20000929132616	http://www.rhubarbinfo.com:80/bookstore/associate/0881922943_m.gif	image/gif	path-prefix:/bookstore/associate/
20010702085057	http://www.rhubarbinfo.com:80/bookstore/associate/0881923125_m.gif	image/gif	path-prefix:/bookstore/associate/
20010702090016	http://www.rhubarbinfo.com:80/bookstore/associate/0881924148_m.gif	image/gif	path-prefix:/bookstore/associate/
20010806220148	http://www.rhubarbinfo.com:80/bookstore/associate/088266655X.01.GIF	image/gif	path-prefix:/bookstore/associate/
20000929141045	http://www.rhubarbinfo.com:80/bookstore/associate/0894803123_m.gif	image/gif	path-prefix:/bookstore/associate/
20000929141029	http://www.rhubarbinfo.com:80/bookstore/associate/0895298244_m.gif	image/gif	path-prefix:/bookstore/associate/
20010811112022	http://rhubarbinfo.com:80/bookstore/associate/089721255x_m.gif	image/gif	path-prefix:/bookstore/associate/
20000929140830	http://www.rhubarbinfo.com:80/bookstore/associate/0930031571_m.gif	image/gif	path-prefix:/bookstore/associate/
20010702090232	http://www.rhubarbinfo.com:80/bookstore/associate/0961907223_m.gif	image/gif	path-prefix:/bookstore/associate/
20000929141033	http://www.rhubarbinfo.com:80/bookstore/associate/155591389x_m.gif	image/gif	path-prefix:/bookstore/associate/
20010811112641	http://rhubarbinfo.com:80/bookstore/associate/1556523025_m.gif	image/gif	path-prefix:/bookstore/associate/
20010608010332	http://rhubarbinfo.com:80/bookstore/associate/1556706308_m.gif	image/gif	path-prefix:/bookstore/associate/
20000929141055	http://www.rhubarbinfo.com:80/bookstore/associate/1558671145_m.gif	image/gif	path-prefix:/bookstore/associate/
20010706195250	http://www.rhubarbinfo.com:80/bookstore/associate/1561482013_m.gif	image/gif	path-prefix:/bookstore/associate/
20000929140838	http://www.rhubarbinfo.com:80/bookstore/associate/156512071x_m.gif	image/gif	path-prefix:/bookstore/associate/
20000824033600	http://www.rhubarbinfo.com:80/bookstore/associate/1570610118_m.gif	image/gif	path-prefix:/bookstore/associate/
20010619114350	http://www.rhubarbinfo.com:80/bookstore/associate/1576300226_m.gif	image/gif	path-prefix:/bookstore/associate/
20010702091753	http://www.rhubarbinfo.com:80/bookstore/associate/1579120423_m.gif	image/gif	path-prefix:/bookstore/associate/
20010811113352	http://rhubarbinfo.com:80/bookstore/associate/1580080227_m.gif	image/gif	path-prefix:/bookstore/associate/
20010702074903	http://www.rhubarbinfo.com:80/bookstore/associate/1884822355_m.gif	image/gif	path-prefix:/bookstore/associate/
20010811113815	http://rhubarbinfo.com:80/bookstore/associate/1886411182_m.gif	image/gif	path-prefix:/bookstore/associate/
20010814174347	http://rhubarbinfo.com:80/bookstore/associate/amzno100x70.gif	image/gif	path-prefix:/bookstore/associate/
20001003162518	http://www.rhubarbinfo.com:80/bookstore/associate/img1025.gif	im	path-prefix:/bookstore/associate/
20240412183243	https://www.rhubarbinfo.com/feeds/1124292105023043607/comments/default	application/atom+xml	path-prefix:/feeds/
20230321163307	https://www.rhubarbinfo.com/feeds/1197325126923220345/comments/default	application/atom+xml	path-prefix:/feeds/
20240920210817	https://www.rhubarbinfo.com/feeds/165226104603634341/comments/default	application/atom+xml	path-prefix:/feeds/
20230321180857	https://www.rhubarbinfo.com/feeds/190094751129147614/comments/default	application/atom+xml	path-prefix:/feeds/
20240920213508	https://www.rhubarbinfo.com/feeds/2012949457433174037/comments/default	application/atom+xml	path-prefix:/feeds/
20240221234933	https://www.rhubarbinfo.com/feeds/2193797705488184748/comments/default	application/atom+xml	path-prefix:/feeds/
20230321182115	https://www.rhubarbinfo.com/feeds/2195306924819534409/comments/default	application/atom+xml	path-prefix:/feeds/
20241014010139	https://www.rhubarbinfo.com/feeds/2588764237207824863/comments/default	application/atom+xml	path-prefix:/feeds/
20241014014028	https://www.rhubarbinfo.com/feeds/273370790205188452/comments/default	application/atom+xml	path-prefix:/feeds/
20240723000340	https://www.rhubarbinfo.com/feeds/3047836418947652701/comments/default	application/atom+xml	path-prefix:/feeds/
20240723002256	https://www.rhubarbinfo.com/feeds/3403232701924960660/comments/default	application/atom+xml	path-prefix:/feeds/
20240412173016	https://www.rhubarbinfo.com/feeds/4068267289487652420/comments/default	application/atom+xml	path-prefix:/feeds/
20240722231050	https://www.rhubarbinfo.com/feeds/4177937744029155290/comments/default	application/atom+xml	path-prefix:/feeds/
20241014014743	https://www.rhubarbinfo.com/feeds/4442849162845614311/comments/default	application/atom+xml	path-prefix:/feeds/
20240412180526	https://www.rhubarbinfo.com/feeds/4836556731883733109/comments/default	application/atom+xml	path-prefix:/feeds/
20240920202045	https://www.rhubarbinfo.com/feeds/4975215424111328297/comments/default	application/atom+xml	path-prefix:/feeds/
20240722234700	https://www.rhubarbinfo.com/feeds/5024340261633119162/comments/default	application/atom+xml	path-prefix:/feeds/
20240723001459	https://www.rhubarbinfo.com/feeds/5031311342290343360/comments/default	application/atom+xml	path-prefix:/feeds/
20240723002408	https://www.rhubarbinfo.com/feeds/5131965861155632477/comments/default	application/atom+xml	path-prefix:/feeds/
20240807193431	https://www.rhubarbinfo.com/feeds/5271049394949943673/comments/default	application/atom+xml	path-prefix:/feeds/
20240722221247	https://www.rhubarbinfo.com/feeds/5359044788098755935/comments/default	application/atom+xml	path-prefix:/feeds/
20240807180122	https://www.rhubarbinfo.com/feeds/5427516926805326389/comments/default	application/atom+xml	path-prefix:/feeds/
20240529110454	https://www.rhubarbinfo.com/feeds/6014898097247484657/comments/default	application/atom+xml	path-prefix:/feeds/
20240920202843	https://www.rhubarbinfo.com/feeds/6385257592112994225/comments/default	application/atom+xml	path-prefix:/feeds/
20240807174621	https://www.rhubarbinfo.com/feeds/6996144412407485574/comments/default	application/atom+xml	path-prefix:/feeds/
20240722233856	https://www.rhubarbinfo.com/feeds/7262159690817857528/comments/default	application/atom+xml	path-prefix:/feeds/
20240807175805	https://www.rhubarbinfo.com/feeds/7265676770228661606/comments/default	application/atom+xml	path-prefix:/feeds/
20240723001738	https://www.rhubarbinfo.com/feeds/7315416238360569447/comments/default	application/atom+xml	path-prefix:/feeds/
20240722230429	https://www.rhubarbinfo.com/feeds/7332157217107517581/comments/default	application/atom+xml	path-prefix:/feeds/
20240222012653	https://www.rhubarbinfo.com/feeds/735083786755156517/comments/default	application/atom+xml	path-prefix:/feeds/
20240920212912	https://www.rhubarbinfo.com/feeds/7665641983962660009/comments/default	application/atom+xml	path-prefix:/feeds/
20230321171830	https://www.rhubarbinfo.com/feeds/7968964540607839735/comments/default	application/atom+xml	path-prefix:/feeds/
20230321180554	https://www.rhubarbinfo.com/feeds/8751337092969637410/comments/default	application/atom+xml	path-prefix:/feeds/
20240722233602	https://www.rhubarbinfo.com/feeds/8933892639435562460/comments/default	application/atom+xml	path-prefix:/feeds/
20240920213215	https://www.rhubarbinfo.com/feeds/posts/default	application/atom+xml	path-prefix:/feeds/
20010603000016	http://rhubarbinfo.com:80/fs_img/bannertype/100X22.gif	image/gif	path-prefix:/fs_img/
20010814174854	http://rhubarbinfo.com:80/fs_img/bannertype/login_chunkx.gif	image/gif	path-prefix:/fs_img/
20010902114708	http://rhubarbinfo.com:80/fs_img/bh/bh_120x600_thomas.gif	image/gif	path-prefix:/fs_img/
20000824033453	http://www.rhubarbinfo.com:80/fs_img/dc.gif	image/gif	path-prefix:/fs_img/
20010825022340	http://rhubarbinfo.com:80/fs_img/fs2/donthaveaccount.gif	image/gif	path-prefix:/fs_img/
20010825023307	http://rhubarbinfo.com:80/fs_img/fs2/freeserverslogo2.gif	image/gif	path-prefix:/fs_img/
20010825031011	http://rhubarbinfo.com:80/fs_img/fs2/signup_small.gif	image/gif	path-prefix:/fs_img/
20010607233227	http://rhubarbinfo.com:80/fs_img/fs2/smallcurve.gif	image/gif	path-prefix:/fs_img/
20050306070138	http://rhubarbinfo.com:80/fs_img/site_list/fs.css	text/css	path-prefix:/fs_img/
20050306050118	http://rhubarbinfo.com:80/fs_img/site_list/index.html	text/html	path-prefix:/fs_img/
20010607233536	http://rhubarbinfo.com:80/fs_img/spacer.gif	image/gif	path-prefix:/fs_img/
20010608010815	http://rhubarbinfo.com:80/fs_img/sponsor/120x60.gif	image/gif	path-prefix:/fs_img/
20010607233135	http://rhubarbinfo.com:80/fs_img/sponsor/befree.gif	image/gif	path-prefix:/fs_img/
20010607233832	http://rhubarbinfo.com:80/fs_img/sponsor/bizhosting88x31.gif	image/gif	path-prefix:/fs_img/
20010607202700	http://rhubarbinfo.com:80/fs_img/sponsor/carprices_120x60.gif	image/gif	path-prefix:/fs_img/
20010623103148	http://www.rhubarbinfo.com:80/fs_img/sponsor/entercasino2.gif	image/gif	path-prefix:/fs_img/
20010603002301	http://rhubarbinfo.com:80/fs_img/sponsor/ffs120x60.gif	image/gif	path-prefix:/fs_img/
20010814175029	http://rhubarbinfo.com:80/fs_img/sponsor/godaddy120.gif	image/gif	path-prefix:/fs_img/
20010607233549	http://rhubarbinfo.com:80/fs_img/sponsor/newnet88x31.gif	image/gif	path-prefix:/fs_img/
20010702075159	http://www.rhubarbinfo.com:80/fs_img/sponsor/nextcard120.gif	image/gif	path-prefix:/fs_img/
20010607232933	http://rhubarbinfo.com:80/fs_img/sponsor/nextcard88x31.gif	image/gif	path-prefix:/fs_img/
20010607233016	http://rhubarbinfo.com:80/fs_img/sponsor/register.gif	image/gif	path-prefix:/fs_img/
20030513174841	http://www.rhubarbinfo.com:80/images/JB.psp	application/octet-stream	mime:application/octet-stream
20240529192253	https://www.rhubarbinfo.com/js/cookienotice.js	text/javascript	mime:text/javascript
20160720233546	http://www.rhubarbinfo.com/misc/arrow-asc.png	image/png	path-prefix:/misc/
20130910172650	http://rhubarbinfo.com/misc/arrow-desc.png	image/png	path-prefix:/misc/
20200320232501	http://www.rhubarbinfo.com/misc/draggable.png	image/png	path-prefix:/misc/
20200320231316	http://www.rhubarbinfo.com/misc/drupal.js	application/javascript	path-prefix:/misc/
20150906162636	http://www.rhubarbinfo.com/misc/feed.png	image/png	path-prefix:/misc/
20200320232450	http://www.rhubarbinfo.com/misc/grippie.png	image/png	path-prefix:/misc/
20200320232644	http://www.rhubarbinfo.com/misc/help.png	image/png	path-prefix:/misc/
20200320231255	http://www.rhubarbinfo.com/misc/jquery.js	application/javascript	path-prefix:/misc/
20200320231306	http://www.rhubarbinfo.com/misc/jquery.once.js	application/javascript	path-prefix:/misc/
20200320232548	http://www.rhubarbinfo.com/misc/menu-collapsed.png	image/png	path-prefix:/misc/
20200320232535	http://www.rhubarbinfo.com/misc/menu-expanded.png	image/png	path-prefix:/misc/
20200320232559	http://www.rhubarbinfo.com/misc/menu-leaf.png	image/png	path-prefix:/misc/
20200320232633	http://www.rhubarbinfo.com/misc/message-24-error.png	image/png	path-prefix:/misc/
20200320232609	http://www.rhubarbinfo.com/misc/message-24-ok.png	image/png	path-prefix:/misc/
20200320232621	http://www.rhubarbinfo.com/misc/message-24-warning.png	image/png	path-prefix:/misc/
20130907181355	http://www.rhubarbinfo.com/misc/print.css	text/css	path-prefix:/misc/
20200320232654	http://www.rhubarbinfo.com/misc/progress.gif	image/gif	path-prefix:/misc/
20200320232440	http://www.rhubarbinfo.com/misc/throbber.gif	image/gif	path-prefix:/misc/
20200320232524	http://www.rhubarbinfo.com/misc/tree-bottom.png	image/png	path-prefix:/misc/
20200320232513	http://www.rhubarbinfo.com/misc/tree.png	image/png	path-prefix:/misc/
20200320231435	http://www.rhubarbinfo.com/modules/comment/comment.css	text/css	path-prefix:/modules/
20200320231447	http://www.rhubarbinfo.com/modules/field/theme/field.css	text/css	path-prefix:/modules/
20200320231457	http://www.rhubarbinfo.com/modules/node/node.css	text/css	path-prefix:/modules/
20200320231508	http://www.rhubarbinfo.com/modules/poll/poll.css	text/css	path-prefix:/modules/
20200320231349	http://www.rhubarbinfo.com/modules/system/system.base.css	text/css	path-prefix:/modules/
20200320231400	http://www.rhubarbinfo.com/modules/system/system.menus.css	text/css	path-prefix:/modules/
20200320231414	http://www.rhubarbinfo.com/modules/system/system.messages.css	text/css	path-prefix:/modules/
20200320231424	http://www.rhubarbinfo.com/modules/system/system.theme.css	text/css	path-prefix:/modules/
20200320231521	http://www.rhubarbinfo.com/modules/user/user.css	text/css	path-prefix:/modules/
20000201021734	http://www.rhubarbinfo.com:80/rhubarb-m.wav	unk	mime:unk
20000201050741	http://www.rhubarbinfo.com:80/rhubarb-w.wav	unk	mime:unk
20240311115441	https://www.rhubarbinfo.com/robots.txt	text/plain	mime:text/plain
20240110172421	https://www.rhubarbinfo.com/sitemap.xml	application/atom+xml	mime:application/atom+xml
20200320231554	http://www.rhubarbinfo.com/sites/all/modules/ckeditor/css/ckeditor.css	text/css	path-prefix:/sites/all/modules/
20200320231607	http://www.rhubarbinfo.com/sites/all/modules/ctools/css/ctools.css	text/css	path-prefix:/sites/all/modules/
20200320232716	http://www.rhubarbinfo.com/sites/all/modules/ctools/images/status-active.gif	image/gif	path-prefix:/sites/all/modules/
20200320231533	http://www.rhubarbinfo.com/sites/all/modules/extlink/extlink.css	text/css	path-prefix:/sites/all/modules/
20200320231339	http://www.rhubarbinfo.com/sites/all/modules/extlink/extlink.js	application/javascript	path-prefix:/sites/all/modules/
20131229192934	http://rhubarbinfo.com/sites/all/modules/extlink/extlink.png	image/png	path-prefix:/sites/all/modules/
20200320232705	http://www.rhubarbinfo.com/sites/all/modules/extlink/extlink_s.png	image/png	path-prefix:/sites/all/modules/
20131229192735	http://rhubarbinfo.com/sites/all/modules/extlink/mailto.png	image/png	path-prefix:/sites/all/modules/
20131229195217	http://rhubarbinfo.com/sites/all/modules/fckeditor/plugins/imgassist/imgassist.gif	image/gif	path-prefix:/sites/all/modules/
20131229192556	http://rhubarbinfo.com/sites/all/modules/gallery_assist/images/gallery-assist-sprite.png	image/png	path-prefix:/sites/all/modules/
20131229195029	http://rhubarbinfo.com/sites/all/modules/jquerymenu/images/minus.png	image/png	path-prefix:/sites/all/modules/
20131229195008	http://rhubarbinfo.com/sites/all/modules/jquerymenu/images/plus.png	image/png	path-prefix:/sites/all/modules/
20200320231328	http://www.rhubarbinfo.com/sites/all/modules/spamspan/spamspan.js	application/javascript	path-prefix:/sites/all/modules/
20200320231619	http://www.rhubarbinfo.com/sites/all/modules/tagadelic/tagadelic.css	text/css	path-prefix:/sites/all/modules/
20200320231543	http://www.rhubarbinfo.com/sites/all/modules/views/css/views.css	text/css	path-prefix:/sites/all/modules/
20131229194308	http://rhubarbinfo.com/sites/all/modules/views/images/status-active.gif	image/gif	path-prefix:/sites/all/modules/
20200320231654	http://www.rhubarbinfo.com/sites/all/themes/zeropoint/_custom/custom-style.css	text/css	path-prefix:/sites/all/themes/
20200320234341	http://www.rhubarbinfo.com/sites/all/themes/zeropoint/_custom/myother-social-network_32.png	image/png	path-prefix:/sites/all/themes/
20200320231728	http://www.rhubarbinfo.com/sites/all/themes/zeropoint/css/ie6.css	text/css	path-prefix:/sites/all/themes/
20200320231739	http://www.rhubarbinfo.com/sites/all/themes/zeropoint/css/ie7.css	text/css	path-prefix:/sites/all/themes/
20200320234353	http://www.rhubarbinfo.com/sites/all/themes/zeropoint/css/iepngfix.htc	text/x-component	path-prefix:/sites/all/themes/
20200320231643	http://www.rhubarbinfo.com/sites/all/themes/zeropoint/css/ink.css	text/css	path-prefix:/sites/all/themes/
20200320231717	http://www.rhubarbinfo.com/sites/all/themes/zeropoint/css/print.css	text/css	path-prefix:/sites/all/themes/
20200320231704	http://www.rhubarbinfo.com/sites/all/themes/zeropoint/css/round.css	text/css	path-prefix:/sites/all/themes/
20200320231630	http://www.rhubarbinfo.com/sites/all/themes/zeropoint/css/style-zero.css	text/css	path-prefix:/sites/all/themes/
20200320234256	http://www.rhubarbinfo.com/sites/all/themes/zeropoint/images/all/_brand.png	image/png	path-prefix:/sites/all/themes/
20200320234245	http://www.rhubarbinfo.com/sites/all/themes/zeropoint/images/all/_sidebarimg.png	image/png	path-prefix:/sites/all/themes/
20200320234004	http://www.rhubarbinfo.com/sites/all/themes/zeropoint/images/all/fill_left.png	image/png	path-prefix:/sites/all/themes/
20200320234014	http://www.rhubarbinfo.com/sites/all/themes/zeropoint/images/all/fill_right.png	image/png	path-prefix:/sites/all/themes/
20200320234036	http://www.rhubarbinfo.com/sites/all/themes/zeropoint/images/all/forum-container.jpg	image/jpeg	path-prefix:/sites/all/themes/
20200320234047	http://www.rhubarbinfo.com/sites/all/themes/zeropoint/images/all/forum-link.png	image/png	path-prefix:/sites/all/themes/
20200320234025	http://www.rhubarbinfo.com/sites/all/themes/zeropoint/images/all/icon-comment.png	image/png	path-prefix:/sites/all/themes/
20200320234119	http://www.rhubarbinfo.com/sites/all/themes/zeropoint/images/all/menu-collapsed.png	image/png	path-prefix:/sites/all/themes/
20200320234108	http://www.rhubarbinfo.com/sites/all/themes/zeropoint/images/all/menu-expanded.png	image/png	path-prefix:/sites/all/themes/
20200320234057	http://www.rhubarbinfo.com/sites/all/themes/zeropoint/images/all/menu-leaf.png	image/png	path-prefix:/sites/all/themes/
20200320234129	http://www.rhubarbinfo.com/sites/all/themes/zeropoint/images/all/menu-up.png	image/png	path-prefix:/sites/all/themes/
20200320233454	http://www.rhubarbinfo.com/sites/all/themes/zeropoint/images/icons/attach.png	image/png	path-prefix:/sites/all/themes/
20200320232726	http://www.rhubarbinfo.com/sites/all/themes/zeropoint/images/icons/blocks/icon_01_32.png	image/png	path-prefix:/sites/all/themes/
20200320232750	http://www.rhubarbinfo.com/sites/all/themes/zeropoint/images/icons/blocks/icon_01_48.png	image/png	path-prefix:/sites/all/themes/
20200320232739	http://www.rhubarbinfo.com/sites/all/themes/zeropoint/images/icons/blocks/icon_02_32.png	image/png	path-prefix:/sites/all/themes/
20200320232800	http://www.rhubarbinfo.com/sites/all/themes/zeropoint/images/icons/blocks/icon_02_48.png	image/png	path-prefix:/sites/all/themes/
20200320232811	http://www.rhubarbinfo.com/sites/all/themes/zeropoint/images/icons/blocks/icon_05_32.png	image/png	path-prefix:/sites/all/themes/
20200320232824	http://www.rhubarbinfo.com/sites/all/themes/zeropoint/images/icons/blocks/icon_05_48.png	image/png	path-prefix:/sites/all/themes/
20200320232834	http://www.rhubarbinfo.com/sites/all/themes/zeropoint/images/icons/blocks/icon_06_32.png	image/png	path-prefix:/sites/all/themes/
20200320232845	http://www.rhubarbinfo.com/sites/all/themes/zeropoint/images/icons/blocks/icon_06_48.png	image/png	path-prefix:/sites/all/themes/
20200320232919	http://www.rhubarbinfo.com/sites/all/themes/zeropoint/images/icons/blocks/icon_07_32.png	image/png	path-prefix:/sites/all/themes/
20200320232930	http://www.rhubarbinfo.com/sites/all/themes/zeropoint/images/icons/blocks/icon_07_48.png	image/png	path-prefix:/sites/all/themes/
20200320233004	http://www.rhubarbinfo.com/sites/all/themes/zeropoint/images/icons/blocks/icon_08_32.png	image/png	path-prefix:/sites/all/themes/
20200320233036	http://www.rhubarbinfo.com/sites/all/themes/zeropoint/images/icons/blocks/icon_08_48.png	image/png	path-prefix:/sites/all/themes/
20200320233132	http://www.rhubarbinfo.com/sites/all/themes/zeropoint/images/icons/blocks/icon_10_32.png	image/png	path-prefix:/sites/all/themes/
20200320233143	http://www.rhubarbinfo.com/sites/all/themes/zeropoint/images/icons/blocks/icon_10_48.png	image/png	path-prefix:/sites/all/themes/
20200320233026	http://www.rhubarbinfo.com/sites/all/themes/zeropoint/images/icons/blocks/icon_12_32.png	image/png	path-prefix:/sites/all/themes/
20200320233059	http://www.rhubarbinfo.com/sites/all/themes/zeropoint/images/icons/blocks/icon_12_48.png	image/png	path-prefix:/sites/all/themes/
20200320233153	http://www.rhubarbinfo.com/sites/all/themes/zeropoint/images/icons/blocks/icon_13_32.png	image/png	path-prefix:/sites/all/themes/
20200320233205	http://www.rhubarbinfo.com/sites/all/themes/zeropoint/images/icons/blocks/icon_13_48.png	image/png	path-prefix:/sites/all/themes/
20200320232942	http://www.rhubarbinfo.com/sites/all/themes/zeropoint/images/icons/blocks/icon_14_32.png	image/png	path-prefix:/sites/all/themes/
20200320232953	http://www.rhubarbinfo.com/sites/all/themes/zeropoint/images/icons/blocks/icon_14_48.png	image/png	path-prefix:/sites/all/themes/
20200320233217	http://www.rhubarbinfo.com/sites/all/themes/zeropoint/images/icons/blocks/icon_15_32.png	image/png	path-prefix:/sites/all/themes/
20200320233228	http://www.rhubarbinfo.com/sites/all/themes/zeropoint/images/icons/blocks/icon_15_48.png	image/png	path-prefix:/sites/all/themes/
20200320233239	http://www.rhubarbinfo.com/sites/all/themes/zeropoint/images/icons/blocks/icon_16_32.png	image/png	path-prefix:/sites/all/themes/
20200320233251	http://www.rhubarbinfo.com/sites/all/themes/zeropoint/images/icons/blocks/icon_16_48.png	image/png	path-prefix:/sites/all/themes/
20200320233302	http://www.rhubarbinfo.com/sites/all/themes/zeropoint/images/icons/blocks/icon_17_32.png	image/png	path-prefix:/sites/all/themes/
20200320233312	http://www.rhubarbinfo.com/sites/all/themes/zeropoint/images/icons/blocks/icon_17_48.png	image/png	path-prefix:/sites/all/themes/
20200320233323	http://www.rhubarbinfo.com/sites/all/themes/zeropoint/images/icons/blocks/icon_18_32.png	image/png	path-prefix:/sites/all/themes/
20200320233335	http://www.rhubarbinfo.com/sites/all/themes/zeropoint/images/icons/blocks/icon_18_48.png	image/png	path-prefix:/sites/all/themes/
20200320233110	http://www.rhubarbinfo.com/sites/all/themes/zeropoint/images/icons/blocks/icon_19_32.png	image/png	path-prefix:/sites/all/themes/
20200320233120	http://www.rhubarbinfo.com/sites/all/themes/zeropoint/images/icons/blocks/icon_19_48.png	image/png	path-prefix:/sites/all/themes/
20200320233345	http://www.rhubarbinfo.com/sites/all/themes/zeropoint/images/icons/blocks/icon_20_32.png	image/png	path-prefix:/sites/all/themes/
20200320233356	http://www.rhubarbinfo.com/sites/all/themes/zeropoint/images/icons/blocks/icon_20_48.png	image/png	path-prefix:/sites/all/themes/
20200320233408	http://www.rhubarbinfo.com/sites/all/themes/zeropoint/images/icons/blocks/icon_21_32.png	image/png	path-prefix:/sites/all/themes/
20200320233420	http://www.rhubarbinfo.com/sites/all/themes/zeropoint/images/icons/blocks/icon_21_48.png	image/png	path-prefix:/sites/all/themes/
20200320232857	http://www.rhubarbinfo.com/sites/all/themes/zeropoint/images/icons/blocks/icon_22_32.png	image/png	path-prefix:/sites/all/themes/
20200320232909	http://www.rhubarbinfo.com/sites/all/themes/zeropoint/images/icons/blocks/icon_22_48.png	image/png	path-prefix:/sites/all/themes/
20200320233430	http://www.rhubarbinfo.com/sites/all/themes/zeropoint/images/icons/blocks/icon_33_32.png	image/png	path-prefix:/sites/all/themes/
20200320233441	http://www.rhubarbinfo.com/sites/all/themes/zeropoint/images/icons/blocks/icon_33_48.png	image/png	path-prefix:/sites/all/themes/
20200320233015	http://www.rhubarbinfo.com/sites/all/themes/zeropoint/images/icons/blocks/icon_34_32.png	image/png	path-prefix:/sites/all/themes/
20200320233048	http://www.rhubarbinfo.com/sites/all/themes/zeropoint/images/icons/blocks/icon_34_48.png	image/png	path-prefix:/sites/all/themes/
20200320233701	http://www.rhubarbinfo.com/sites/all/themes/zeropoint/images/icons/check.png	image/png	path-prefix:/sites/all/themes/
20200320233604	http://www.rhubarbinfo.com/sites/all/themes/zeropoint/images/icons/comment.png	image/png	path-prefix:/sites/all/themes/
20200320233505	http://www.rhubarbinfo.com/sites/all/themes/zeropoint/images/icons/comments.png	image/png	path-prefix:/sites/all/themes/
20200320233530	http://www.rhubarbinfo.com/sites/all/themes/zeropoint/images/icons/edit.png	image/png	path-prefix:/sites/all/themes/
20200320233626	http://www.rhubarbinfo.com/sites/all/themes/zeropoint/images/icons/mail.png	image/png	path-prefix:/sites/all/themes/
20200320233723	http://www.rhubarbinfo.com/sites/all/themes/zeropoint/images/icons/more.png	image/png	path-prefix:/sites/all/themes/
20200320233552	http://www.rhubarbinfo.com/sites/all/themes/zeropoint/images/icons/page-add.png	image/png	path-prefix:/sites/all/themes/
20200320233638	http://www.rhubarbinfo.com/sites/all/themes/zeropoint/images/icons/pdf.png	image/png	path-prefix:/sites/all/themes/
20200320233616	http://www.rhubarbinfo.com/sites/all/themes/zeropoint/images/icons/print.png	image/png	path-prefix:/sites/all/themes/
20200320233712	http://www.rhubarbinfo.com/sites/all/themes/zeropoint/images/icons/read_more.png	image/png	path-prefix:/sites/all/themes/
20200320233541	http://www.rhubarbinfo.com/sites/all/themes/zeropoint/images/icons/reply.png	image/png	path-prefix:/sites/all/themes/
20200320233649	http://www.rhubarbinfo.com/sites/all/themes/zeropoint/images/icons/tag.png	image/png	path-prefix:/sites/all/themes/
20200320233516	http://www.rhubarbinfo.com/sites/all/themes/zeropoint/images/icons/trash.png	image/png	path-prefix:/sites/all/themes/
20200320233735	http://www.rhubarbinfo.com/sites/all/themes/zeropoint/images/icons/user_green.png	image/png	path-prefix:/sites/all/themes/
20200320234213	http://www.rhubarbinfo.com/sites/all/themes/zeropoint/images/ink/fill_block.png	image/png	path-prefix:/sites/all/themes/
20200320234140	http://www.rhubarbinfo.com/sites/all/themes/zeropoint/images/ink/fill_top.png	image/png	path-prefix:/sites/all/themes/
20200320234151	http://www.rhubarbinfo.com/sites/all/themes/zeropoint/images/ink/fill_top_left.png	image/png	path-prefix:/sites/all/themes/
20200320234202	http://www.rhubarbinfo.com/sites/all/themes/zeropoint/images/ink/fill_top_right.png	image/png	path-prefix:/sites/all/themes/
20200320234308	http://www.rhubarbinfo.com/sites/all/themes/zeropoint/images/menushadow.png	image/png	path-prefix:/sites/all/themes/
20200320234224	http://www.rhubarbinfo.com/sites/all/themes/zeropoint/images/nav-down.png	image/png	path-prefix:/sites/all/themes/
20200320234235	http://www.rhubarbinfo.com/sites/all/themes/zeropoint/images/nav-right.png	image/png	path-prefix:/sites/all/themes/
20200320233757	http://www.rhubarbinfo.com/sites/all/themes/zeropoint/images/social/facebook_32.png	image/png	path-prefix:/sites/all/themes/
20200320233931	http://www.rhubarbinfo.com/sites/all/themes/zeropoint/images/social/flickr_32.png	image/png	path-prefix:/sites/all/themes/
20200320233856	http://www.rhubarbinfo.com/sites/all/themes/zeropoint/images/social/googleplus_32.png	image/png	path-prefix:/sites/all/themes/
20200320233822	http://www.rhubarbinfo.com/sites/all/themes/zeropoint/images/social/instagram_32.png	image/png	path-prefix:/sites/all/themes/
20200320233907	http://www.rhubarbinfo.com/sites/all/themes/zeropoint/images/social/linkedin_32.png	image/png	path-prefix:/sites/all/themes/
20200320233832	http://www.rhubarbinfo.com/sites/all/themes/zeropoint/images/social/pinterest_32.png	image/png	path-prefix:/sites/all/themes/
20200320233952	http://www.rhubarbinfo.com/sites/all/themes/zeropoint/images/social/skype_32.png	image/png	path-prefix:/sites/all/themes/
20200320233941	http://www.rhubarbinfo.com/sites/all/themes/zeropoint/images/social/tumblr_32.png	image/png	path-prefix:/sites/all/themes/
20200320233811	http://www.rhubarbinfo.com/sites/all/themes/zeropoint/images/social/twitter_32.png	image/png	path-prefix:/sites/all/themes/
20200320233845	http://www.rhubarbinfo.com/sites/all/themes/zeropoint/images/social/vimeo_32.png	image/png	path-prefix:/sites/all/themes/
20200320233919	http://www.rhubarbinfo.com/sites/all/themes/zeropoint/images/social/youtube_32.png	image/png	path-prefix:/sites/all/themes/
20000615053102	http://rhubarbinfo.com:80/sounds/rhubarb-m.wav	unk	mime:unk
20001013162453	http://rhubarbinfo.com:80/sounds/rhubarb-w.wav	unk	mime:unk
20040831063149	http://www.rhubarbinfo.com:80/styles.css	text/css	mime:text/css
20191112121413	http://www.rhubarbinfo.com/tag-cloud/403	text/html	path-prefix:/tag-cloud
20140630155637	http://rhubarbinfo.com/tagadelic	text/html	path-prefix:/tagadelic
20141005231832	http://www.rhubarbinfo.com:80/tagadelic/chunk/2	text/html	path-prefix:/tagadelic
20200302055348	http://www.rhubarbinfo.com:80/tagadelic_taxonomy	text/html	path-prefix:/tagadelic
20191112121024	http://www.rhubarbinfo.com/test	text/html	exact:/test
20121004044613	http://www.rhubarbinfo.com:80/user	text/html	exact:/user
20121005025900	http://www.rhubarbinfo.com:80/user/password	text/html	path-prefix:/user/
20121002044529	http://www.rhubarbinfo.com:80/user/register	text/html	path-prefix:/user/
