20190806202901	http://atomicrhubarb.rhubarbinfo.com/	text/html
20060430160012	http://atomicrhubarb.rhubarbinfo.com:80/3dmodule.html	text/html
20060504185036	http://atomicrhubarb.rhubarbinfo.com:80/Patent%206426559.pdf	application/pdf
20060504185057	http://atomicrhubarb.rhubarbinfo.com:80/deid.html	text/html
20060504184936	http://atomicrhubarb.rhubarbinfo.com:80/images/3dmodule.gif	image/gif
20060517044816	http://atomicrhubarb.rhubarbinfo.com:80/images/TINI.gif	image/gif
20060517021414	http://atomicrhubarb.rhubarbinfo.com:80/images/arz1.gif	image/gif
20060517044733	http://atomicrhubarb.rhubarbinfo.com:80/images/buy-from-tan.gif	image/gif
20060517044722	http://atomicrhubarb.rhubarbinfo.com:80/images/cover-small.png	image/png
20060504185027	http://atomicrhubarb.rhubarbinfo.com:80/index.html	text/html
20060430160007	http://atomicrhubarb.rhubarbinfo.com:80/javadevices.html	text/html
20190806202850	http://atomicrhubarb.rhubarbinfo.com/robots.txt	text/plain
20121101022520	http://new.rhubarbinfo.com/robots.txt	text/plain
20190511020659	http://www.rhubarbinfo.com./	text/html
20241023233502	https://www.rhubarbinfo.com/	text/html
20041114232219	http://www.rhubarbinfo.com:80/%20recipe-wine.html	text/html
20241014025935	https://www.rhubarbinfo.com/2019/	text/html
20240807194830	https://www.rhubarbinfo.com/2019/03/	text/html
20240920200830	https://www.rhubarbinfo.com/2019/03/composting-rhubarb.html	text/html
20240920210655	https://www.rhubarbinfo.com/2019/03/culinary-uses-of-rhubarb.html	text/html
20241014020615	https://www.rhubarbinfo.com/2019/03/forcing-rhubarb.html	text/html
20240912141926	https://www.rhubarbinfo.com/2019/03/growing-rhubarb-from-seed.html	text/html
20240920193640	https://www.rhubarbinfo.com/2019/03/propagating-rhubarb.html	text/html
20240913201201	https://www.rhubarbinfo.com/2019/03/rhubarb-background.html	text/html
20240622003328	https://www.rhubarbinfo.com/2019/03/rhubarb-bars.html	text/html
20240920202718	https://www.rhubarbinfo.com/2019/03/rhubarb-is-cool-season-perennial-plant.html	text/html
20240920213541	https://www.rhubarbinfo.com/2019/03/rhubarb-nutritional-information.html	text/html
20240920210857	https://www.rhubarbinfo.com/2019/03/rhubarb-seedpods.html	text/html
20241014020643	https://www.rhubarbinfo.com/2019/03/rhubarb-species.html	text/html
20240920205750	https://www.rhubarbinfo.com/2019/03/rhubarb-varieties.html	text/html
20240807175003	https://www.rhubarbinfo.com/2019/03/things-that-are-not-rhubarb.html	text/html
20241014021714	https://www.rhubarbinfo.com/2019/07/	text/html
20240920210736	https://www.rhubarbinfo.com/2019/07/rhubarb-wine.html	text/html
20241014031545	https://www.rhubarbinfo.com/2019/08/	text/html
20240807182350	https://www.rhubarbinfo.com/2019/08/rhubarb-tart-recipes.html	text/html
20241014022225	https://www.rhubarbinfo.com/2019/08/various-rhubarb-recipes.html	text/html
20240920201159	https://www.rhubarbinfo.com/2019/09/	text/html
20240622002106	https://www.rhubarbinfo.com/2019/09/rhubarb-salad-recipes.html	text/html
20240920210940	https://www.rhubarbinfo.com/2019/09/rhubarb-soup-recipes.html	text/html
20240920191246	https://www.rhubarbinfo.com/2019/10/	text/html
20240920200505	https://www.rhubarbinfo.com/2019/10/rhubarb-pudding-recipes.html	text/html
20240807183111	https://www.rhubarbinfo.com/2019/11/	text/html
20241014011022	https://www.rhubarbinfo.com/2019/11/rhubarb-pie-recipes.html	text/html
20240920202359	https://www.rhubarbinfo.com/2019/11/rhubarb-pork-recipes.html	text/html
20240920211447	https://www.rhubarbinfo.com/2019/12/	text/html
20241014011541	https://www.rhubarbinfo.com/2020/	text/html
20240920202334	https://www.rhubarbinfo.com/2020/01/	text/html
20241014025042	https://www.rhubarbinfo.com/2020/01/frozen-rhubarb-recipes.html	text/html
20240920212203	https://www.rhubarbinfo.com/2020/02/	text/html
20241014025545	https://www.rhubarbinfo.com/2020/02/rhubarb-jam-recipes.html	text/html
20241014013457	https://www.rhubarbinfo.com/2020/03/	text/html
20240920195452	https://www.rhubarbinfo.com/2020/03/rhubarb-bread-recipes.html	text/html
20240914110406	https://www.rhubarbinfo.com/2020/03/rhubarb-cake-recipes.html	text/html
20241014024907	https://www.rhubarbinfo.com/2020/03/rhubarb-chicken-recipes.html	text/html
20241014015745	https://www.rhubarbinfo.com/2020/03/rhubarb-cobbler-recipes.html	text/html
20240920211102	https://www.rhubarbinfo.com/2020/03/rhubarb-cookie-recipes.html	text/html
20240920195101	https://www.rhubarbinfo.com/2020/03/rhubarb-dessert-recipes.html	text/html
20240914110406	https://www.rhubarbinfo.com/2020/03/rhubarb-drink-recipes.html	text/html
20241014024531	https://www.rhubarbinfo.com/2020/03/rhubarb-fish-recipes.html	text/html
20240807183015	https://www.rhubarbinfo.com/2020/03/rhubarb-muffin-recipes.html	text/html
20241014025126	https://www.rhubarbinfo.com/2020/03/rhubarb-pickle-recipes.html	text/html
20240920191645	https://www.rhubarbinfo.com/2020/03/rhubarb-sauce-recipes.html	text/html
20191112121116	http://www.rhubarbinfo.com/403	text/html
20191112121127	http://www.rhubarbinfo.com/404	text/html
20200302055208	http://www.rhubarbinfo.com:80/about	text/html
20100820110256	http://www.rhubarbinfo.com:80/aphids_under_rhubarb	text/html
20131102040209	http://rhubarbinfo.com/assorted_rhubarb_stalks	text/html
20131102060442	http://rhubarbinfo.com/background_image	text/html
20141009024733	http://www.rhubarbinfo.com:80/bar	text/html
20100630131918	http://www.rhubarbinfo.com:80/bars	text/html
20131102045127	http://rhubarbinfo.com/beetle_on_rhubarb	text/html
20191016180833	http://rhubarbinfo.com/black_bass_wth_rhubarb_sauce	text/html
20130518212036	http://www.rhubarbinfo.com:80/book/export/html/124	text/html
20121101052626	http://www.rhubarbinfo.com/book/export/html/5	text/html
20000824034439	http://www.rhubarbinfo.com:80/bookstore/135x50-b-IAW-logo.gif	image/gif
20000929140940	http://www.rhubarbinfo.com:80/bookstore/associate/0020529627_m.gif	image/gif
20000824033708	http://www.rhubarbinfo.com:80/bookstore/associate/0025579207_m.gif	image/gif
20010811105403	http://rhubarbinfo.com:80/bookstore/associate/0028610024_m.gif	image/gif
20010706183839	http://www.rhubarbinfo.com:80/bookstore/associate/0060167491_m.gif	image/gif
20000929141049	http://www.rhubarbinfo.com:80/bookstore/associate/0060187654_m.gif	image/gif
20010811105654	http://rhubarbinfo.com:80/bookstore/associate/0060208627_m.gif	image/gif
20010811110145	http://rhubarbinfo.com:80/bookstore/associate/0137540035_m.gif	image/gif
20000929141040	http://www.rhubarbinfo.com:80/bookstore/associate/0312143435_m.gif	image/gif
20000929141037	http://www.rhubarbinfo.com:80/bookstore/associate/0316357200_m.gif	image/gif
20010702091536	http://www.rhubarbinfo.com:80/bookstore/associate/0452269288_m.gif	image/gif
20000929140944	http://www.rhubarbinfo.com:80/bookstore/associate/0471135623_m.gif	image/gif
20010706184255	http://www.rhubarbinfo.com:80/bookstore/associate/0471292753_m.gif	image/gif
20010608010652	http://rhubarbinfo.com:80/bookstore/associate/0486278883_m.gif	image/gif
20000929140804	http://www.rhubarbinfo.com:80/bookstore/associate/051712226X_m.gif	image/gif
20000929140954	http://www.rhubarbinfo.com:80/bookstore/associate/0517148293_m.gif	image/gif
20000929141001	http://www.rhubarbinfo.com:80/bookstore/associate/0517555875_m.gif	image/gif
20000929140958	http://www.rhubarbinfo.com:80/bookstore/associate/0517563452_m.gif	image/gif
20010702074712	http://www.rhubarbinfo.com:80/bookstore/associate/0521414210_m.gif	image/gif
20010702075948	http://www.rhubarbinfo.com:80/bookstore/associate/0553075055_m.gif	image/gif
20010702081030	http://www.rhubarbinfo.com:80/bookstore/associate/0553374761_m.gif	image/gif
20000929140857	http://www.rhubarbinfo.com:80/bookstore/associate/0670818941_m.gif	image/gif
20000929141006	http://www.rhubarbinfo.com:80/bookstore/associate/0679450815_m.gif	image/gif
20010702081156	http://www.rhubarbinfo.com:80/bookstore/associate/068481174x_m.gif	image/gif
20010702083222	http://www.rhubarbinfo.com:80/bookstore/associate/068482261x_m.gif	image/gif
20010608010754	http://rhubarbinfo.com:80/bookstore/associate/0684843285_m.gif	image/gif
20010706190759	http://www.rhubarbinfo.com:80/bookstore/associate/0688044026_m.gif	image/gif
20000929140849	http://www.rhubarbinfo.com:80/bookstore/associate/0688114253_m.gif	image/gif
20010623090212	http://www.rhubarbinfo.com:80/bookstore/associate/0688160646_m.gif	image/gif
20010807090656	http://rhubarbinfo.com:80/bookstore/associate/0691087474_m.gif	image/gif
20010811110932	http://rhubarbinfo.com:80/bookstore/associate/0706370791_m.gif	image/gif
20000929132627	http://www.rhubarbinfo.com:80/bookstore/associate/0716750619_m.gif	image/gif
20000824205839	http://www.rhubarbinfo.com:80/bookstore/associate/0761115129.gif	im
20010623103832	http://www.rhubarbinfo.com:80/bookstore/associate/0762400803_m.gif	image/gif
20000929140901	http://www.rhubarbinfo.com:80/bookstore/associate/0789401843_m.gif	image/gif
20000929141059	http://www.rhubarbinfo.com:80/bookstore/associate/0789404354_m.gif	image/gif
20010811111344	http://rhubarbinfo.com:80/bookstore/associate/0789410672_m.gif	image/gif
20010706191132	http://www.rhubarbinfo.com:80/bookstore/associate/0809229706_m.gif	image/gif
20000929140909	http://www.rhubarbinfo.com:80/bookstore/associate/0811813371_m.gif	image/gif
20000929140834	http://www.rhubarbinfo.com:80/bookstore/associate/0812083628_m.gif	image/gif
20010814174523	http://rhubarbinfo.com:80/bookstore/associate/0843138246_01_M.gif	image/gif
20001006174005	http://www.rhubarbinfo.com:80/bookstore/associate/0848715403_m.gif	im
20010706192537	http://www.rhubarbinfo.com:80/bookstore/associate/0848722280_m.gif	image/gif
20000929140812	http://www.rhubarbinfo.com:80/bookstore/associate/0875965997_m.gif	image/gif
20010811111407	http://rhubarbinfo.com:80/bookstore/associate/0875967531_m.gif	image/gif
20001003062234	http://www.rhubarbinfo.com:80/bookstore/associate/0875967663_m.gif	im
20001004013349	http://www.rhubarbinfo.com:80/bookstore/associate/087596799x_m.gif	im
20010702083842	http://www.rhubarbinfo.com:80/bookstore/associate/087596964x_m.gif	image/gif
20001003210520	http://www.rhubarbinfo.com:80/bookstore/associate/0878579915_m.gif	im
20000929140925	http://www.rhubarbinfo.com:80/bookstore/associate/0879610123_m.gif	image/gif
20010706194541	http://www.rhubarbinfo.com:80/bookstore/associate/0880072148_m.gif	image/gif
20010806171230	http://rhubarbinfo.com:80/bookstore/associate/0881922587_m.gif	image/gif
20000929132616	http://www.rhubarbinfo.com:80/bookstore/associate/0881922943_m.gif	image/gif
20010702085057	http://www.rhubarbinfo.com:80/bookstore/associate/0881923125_m.gif	image/gif
20010702090016	http://www.rhubarbinfo.com:80/bookstore/associate/0881924148_m.gif	image/gif
20010806220148	http://www.rhubarbinfo.com:80/bookstore/associate/088266655X.01.GIF	image/gif
20000929141045	http://www.rhubarbinfo.com:80/bookstore/associate/0894803123_m.gif	image/gif
20000929141029	http://www.rhubarbinfo.com:80/bookstore/associate/0895298244_m.gif	image/gif
20010811112022	http://rhubarbinfo.com:80/bookstore/associate/089721255x_m.gif	image/gif
20000929140830	http://www.rhubarbinfo.com:80/bookstore/associate/0930031571_m.gif	image/gif
20010702090232	http://www.rhubarbinfo.com:80/bookstore/associate/0961907223_m.gif	image/gif
20000929141033	http://www.rhubarbinfo.com:80/bookstore/associate/155591389x_m.gif	image/gif
20010811112641	http://rhubarbinfo.com:80/bookstore/associate/1556523025_m.gif	image/gif
20010608010332	http://rhubarbinfo.com:80/bookstore/associate/1556706308_m.gif	image/gif
20000929141055	http://www.rhubarbinfo.com:80/bookstore/associate/1558671145_m.gif	image/gif
20010706195250	http://www.rhubarbinfo.com:80/bookstore/associate/1561482013_m.gif	image/gif
20000929140838	http://www.rhubarbinfo.com:80/bookstore/associate/156512071x_m.gif	image/gif
20000824033600	http://www.rhubarbinfo.com:80/bookstore/associate/1570610118_m.gif	image/gif
20010619114350	http://www.rhubarbinfo.com:80/bookstore/associate/1576300226_m.gif	image/gif
20010702091753	http://www.rhubarbinfo.com:80/bookstore/associate/1579120423_m.gif	image/gif
20010811113352	http://rhubarbinfo.com:80/bookstore/associate/1580080227_m.gif	image/gif
20010702074903	http://www.rhubarbinfo.com:80/bookstore/associate/1884822355_m.gif	image/gif
20010811113815	http://rhubarbinfo.com:80/bookstore/associate/1886411182_m.gif	image/gif
20010814174347	http://rhubarbinfo.com:80/bookstore/associate/amzno100x70.gif	image/gif
20001003162518	http://www.rhubarbinfo.com:80/bookstore/associate/img1025.gif	im
20010709172702	http://www.rhubarbinfo.com:80/bookstore/botany.html	text/html
20010619114143	http://www.rhubarbinfo.com:80/bookstore/buy-the-book-cart.gif	image/gif
20010709173003	http://www.rhubarbinfo.com:80/bookstore/cooking.html	text/html
20010709173803	http://www.rhubarbinfo.com:80/bookstore/gardening.html	text/html
20010709173254	http://www.rhubarbinfo.com:80/bookstore/herbs.html	text/html
20010629035551	http://www.rhubarbinfo.com:80/bookstore/index.htm	text/html
20010709174104	http://www.rhubarbinfo.com:80/bookstore/poisonous.html	text/html
20200302055213	http://www.rhubarbinfo.com:80/botanical	text/html
20200222205248	http://rhubarbinfo.com:80/bread	text/html
20001002021456	http://www.rhubarbinfo.com:80/burpee/B69187.jpg	image/jpeg
20131102061012	http://rhubarbinfo.com/cafepress_shirt	text/html
20200222205345	http://rhubarbinfo.com:80/cake	text/html
20191016175408	http://rhubarbinfo.com/candied_dried_rhubarb	text/html
20131102051526	http://rhubarbinfo.com/cherryred_rhuarb_plant	text/html
20200222205315	http://rhubarbinfo.com:80/chicken	text/html
20200222205253	http://rhubarbinfo.com:80/cobbler	text/html
20191016175337	http://rhubarbinfo.com/color_poll	text/html
20200302055218	http://www.rhubarbinfo.com:80/composting	text/html
20200224191255	http://www.rhubarbinfo.com:80/content/rhubarb-bars	text/html
20200223212302	http://rhubarbinfo.com:80/content/rhubarb-varieties	text/html
20200222204947	http://rhubarbinfo.com:80/cookie	text/html
20100628044529	http://www.rhubarbinfo.com:80/cookies	text/html
20010807091935	http://rhubarbinfo.com:80/cooking/105902h.jpg	image/jpeg
20010807092807	http://rhubarbinfo.com:80/cooking/105909h.jpg	image/jpeg
20010807092927	http://rhubarbinfo.com:80/cooking/122121v.jpg	image/jpeg
20010807093120	http://rhubarbinfo.com:80/cooking/122142v.jpg	image/jpeg
20180202185105	http://www.rhubarbinfo.com/csf_small.png	image/png
20200302055224	http://www.rhubarbinfo.com:80/culinary	text/html
20200222205524	http://rhubarbinfo.com:80/dessert	text/html
20100630131928	http://www.rhubarbinfo.com:80/desserts	text/html
20200222204930	http://rhubarbinfo.com:80/drinks	text/html
20191016175515	http://rhubarbinfo.com/dry_rhubarb_soda	text/html
20200201022035	http://www.rhubarbinfo.com:80/emerging_rhubarb_flower	text/html
20040630165749	http://www.rhubarbinfo.com:80/error404.html	text/html
20240911121041	https://www.rhubarbinfo.com/favicon.ico	image/x-icon
20240412183243	https://www.rhubarbinfo.com/feeds/1124292105023043607/comments/default	application/atom+xml
20230321163307	https://www.rhubarbinfo.com/feeds/1197325126923220345/comments/default	application/atom+xml
20240920210817	https://www.rhubarbinfo.com/feeds/165226104603634341/comments/default	application/atom+xml
20230321180857	https://www.rhubarbinfo.com/feeds/190094751129147614/comments/default	application/atom+xml
20240920213508	https://www.rhubarbinfo.com/feeds/2012949457433174037/comments/default	application/atom+xml
20240221234933	https://www.rhubarbinfo.com/feeds/2193797705488184748/comments/default	application/atom+xml
20230321182115	https://www.rhubarbinfo.com/feeds/2195306924819534409/comments/default	application/atom+xml
20241014010139	https://www.rhubarbinfo.com/feeds/2588764237207824863/comments/default	application/atom+xml
20241014014028	https://www.rhubarbinfo.com/feeds/273370790205188452/comments/default	application/atom+xml
20240723000340	https://www.rhubarbinfo.com/feeds/3047836418947652701/comments/default	application/atom+xml
20240723002256	https://www.rhubarbinfo.com/feeds/3403232701924960660/comments/default	application/atom+xml
20240412173016	https://www.rhubarbinfo.com/feeds/4068267289487652420/comments/default	application/atom+xml
20240722231050	https://www.rhubarbinfo.com/feeds/4177937744029155290/comments/default	application/atom+xml
20241014014743	https://www.rhubarbinfo.com/feeds/4442849162845614311/comments/default	application/atom+xml
20240412180526	https://www.rhubarbinfo.com/feeds/4836556731883733109/comments/default	application/atom+xml
20240920202045	https://www.rhubarbinfo.com/feeds/4975215424111328297/comments/default	application/atom+xml
20240722234700	https://www.rhubarbinfo.com/feeds/5024340261633119162/comments/default	application/atom+xml
20240723001459	https://www.rhubarbinfo.com/feeds/5031311342290343360/comments/default	application/atom+xml
20240723002408	https://www.rhubarbinfo.com/feeds/5131965861155632477/comments/default	application/atom+xml
20240807193431	https://www.rhubarbinfo.com/feeds/5271049394949943673/comments/default	application/atom+xml
20240722221247	https://www.rhubarbinfo.com/feeds/5359044788098755935/comments/default	application/atom+xml
20240807180122	https://www.rhubarbinfo.com/feeds/5427516926805326389/comments/default	application/atom+xml
20240529110454	https://www.rhubarbinfo.com/feeds/6014898097247484657/comments/default	application/atom+xml
20240920202843	https://www.rhubarbinfo.com/feeds/6385257592112994225/comments/default	application/atom+xml
20240807174621	https://www.rhubarbinfo.com/feeds/6996144412407485574/comments/default	application/atom+xml
20240722233856	https://www.rhubarbinfo.com/feeds/7262159690817857528/comments/default	application/atom+xml
20240807175805	https://www.rhubarbinfo.com/feeds/7265676770228661606/comments/default	application/atom+xml
20240723001738	https://www.rhubarbinfo.com/feeds/7315416238360569447/comments/default	application/atom+xml
20240722230429	https://www.rhubarbinfo.com/feeds/7332157217107517581/comments/default	application/atom+xml
20240222012653	https://www.rhubarbinfo.com/feeds/735083786755156517/comments/default	application/atom+xml
20240920212912	https://www.rhubarbinfo.com/feeds/7665641983962660009/comments/default	application/atom+xml
20230321171830	https://www.rhubarbinfo.com/feeds/7968964540607839735/comments/default	application/atom+xml
20230321180554	https://www.rhubarbinfo.com/feeds/8751337092969637410/comments/default	application/atom+xml
20240722233602	https://www.rhubarbinfo.com/feeds/8933892639435562460/comments/default	application/atom+xml
20240920213215	https://www.rhubarbinfo.com/feeds/posts/default	application/atom+xml
20200302055229	http://www.rhubarbinfo.com:80/festivals	text/html
20200101163248	http://www.rhubarbinfo.com/files/icons/camera_small.png	image/png
20160407230913	http://www.rhubarbinfo.com/files/icons/emoticon_tongue.png	image/png
20190509034630	http://www.rhubarbinfo.com/files/icons/emoticon_unhappy.png	image/png
20120503225339	http://rhubarbinfo.com/files/icons/error.png	image/png
20200119042445	http://www.rhubarbinfo.com/files/icons/new.png	image/png
20200119042445	http://www.rhubarbinfo.com/files/icons/wrench.png	image/png
20131006140844	http://www.rhubarbinfo.com/files/images/1718649686_ac9af1a565.thumbnail.jpg	image/jpeg
20160314044850	http://www.rhubarbinfo.com/files/images/3505388160_bbd43aef44.jpg	image/jpeg
20131006141222	http://www.rhubarbinfo.com/files/images/3563540826_6385cd6999_o.thumbnail.jpg	image/jpeg
20200101163252	http://www.rhubarbinfo.com/files/images/4347479130_88f666c036_b.jpg	image/jpeg
20131006142547	http://www.rhubarbinfo.com/files/images/4347479130_88f666c036_b.thumbnail.jpg	image/jpeg
20131229192232	http://rhubarbinfo.com/files/images/4698212958_fd1dc860d1.jpg	image/jpeg
20131229182837	http://rhubarbinfo.com/files/images/CompostBin.jpg	image/jpeg
20131229185300	http://rhubarbinfo.com/files/images/ProduceMarketWithRhubarb.jpg	image/jpeg
20131229192415	http://rhubarbinfo.com/files/images/RedRhubarbStalks.jpg	image/jpeg
20131229190345	http://rhubarbinfo.com/files/images/RhubarbCoffeeCake.jpg	image/jpeg
20120808100933	http://www.rhubarbinfo.com/files/images/RhubarbCoffeeCake.preview.jpg	image/jpeg
20190926192509	http://www.rhubarbinfo.com/files/images/RhubarbMuffins.jpg	image/jpeg
20130911071618	http://www.rhubarbinfo.com/files/images/RhubarbMuffins.preview.jpg	image/jpeg
20191011185156	http://www.rhubarbinfo.com/files/images/TeaRHUBARBcream.jpg	image/jpeg
20140729131320	http://www.rhubarbinfo.com/files/images/aphids_under_leaf.thumbnail.png	image/png
20190722042756	http://www.rhubarbinfo.com/files/images/barbcomposit_with_labels.png	image/png
20200320231848	http://www.rhubarbinfo.com/files/images/cafepress_example.png	image/png
20200101163249	http://www.rhubarbinfo.com/files/images/dock_plant.png	image/png
20131006141001	http://www.rhubarbinfo.com/files/images/dry_rhubarb_soda.thumbnail.png	image/png
20160418050413	http://www.rhubarbinfo.com/files/images/earwigs_in_flowerstalk.jpg	image/jpeg
20131006154359	http://www.rhubarbinfo.com/files/images/earwigs_in_flowerstalk.thumbnail.jpg	image/jpeg
20190722042756	http://www.rhubarbinfo.com/files/images/emerging_flower.png	image/png
20120814093335	http://www.rhubarbinfo.com/files/images/emerging_flower.preview.png	image/png
20131009003804	http://www.rhubarbinfo.com/files/images/emerging_flower.thumbnail.png	image/png
20160314021905	http://www.rhubarbinfo.com/files/images/goliath_forced.png	image/png
20131006151117	http://www.rhubarbinfo.com/files/images/goliath_forced.thumbnail.png	image/png
20191011185157	http://www.rhubarbinfo.com/files/images/honesty-image.jpg	image/jpeg
20200211043024	http://www.rhubarbinfo.com/files/images/oxalicacid.png	image/png
20200320231858	http://www.rhubarbinfo.com/files/images/puppy.png	image/png
20120807094757	http://www.rhubarbinfo.com/files/images/rheum_palmatum.preview.png	image/png
20131010110456	http://www.rhubarbinfo.com/files/images/rheum_palmatum.thumbnail.png	image/png
20131006135013	http://www.rhubarbinfo.com/files/images/rhubarb_beetle.thumbnail.png	image/png
20131006144948	http://www.rhubarbinfo.com/files/images/rhubarb_cherryred_plant.thumbnail.png	image/png
20131006153024	http://www.rhubarbinfo.com/files/images/rhubarb_cubed.thumbnail.png	image/png
20160418051722	http://www.rhubarbinfo.com/files/images/rhubarb_flowers_blooming.png	image/png
20150814210735	http://www.rhubarbinfo.com/files/images/rhubarb_in_manure_0.png	image/png
20160418110703	http://www.rhubarbinfo.com/files/images/rhubarb_plant_victoria.png	image/png
20160418115414	http://www.rhubarbinfo.com/files/images/rhubarb_roots.png	image/png
20131229191424	http://rhubarbinfo.com/files/images/rhubarb_seeds.png	image/png
20131229185237	http://rhubarbinfo.com/files/images/rhubarb_spring_growth.png	image/png
20190719182624	http://www.rhubarbinfo.com/files/images/rhubarb_stalks_assorted.jpg	image/jpeg
20131006164844	http://www.rhubarbinfo.com/files/images/rhubarb_stalks_assorted.thumbnail.jpg	image/jpeg
20200222205321	http://rhubarbinfo.com:80/fish	text/html
20200302055234	http://www.rhubarbinfo.com:80/forcing	text/html
20200302055239	http://www.rhubarbinfo.com:80/friends	text/html
20200302042757	http://www.rhubarbinfo.com:80/fromseed	text/html
20200222205649	http://rhubarbinfo.com:80/frozen	text/html
20131102063758	http://rhubarbinfo.com/frozen_rhubarb	text/html
20010603000016	http://rhubarbinfo.com:80/fs_img/bannertype/100X22.gif	image/gif
20010814174854	http://rhubarbinfo.com:80/fs_img/bannertype/login_chunkx.gif	image/gif
20010902114708	http://rhubarbinfo.com:80/fs_img/bh/bh_120x600_thomas.gif	image/gif
20000824033453	http://www.rhubarbinfo.com:80/fs_img/dc.gif	image/gif
20010825022340	http://rhubarbinfo.com:80/fs_img/fs2/donthaveaccount.gif	image/gif
20010825023307	http://rhubarbinfo.com:80/fs_img/fs2/freeserverslogo2.gif	image/gif
20010825031011	http://rhubarbinfo.com:80/fs_img/fs2/signup_small.gif	image/gif
20010607233227	http://rhubarbinfo.com:80/fs_img/fs2/smallcurve.gif	image/gif
20050306070138	http://rhubarbinfo.com:80/fs_img/site_list/fs.css	text/css
20050306050118	http://rhubarbinfo.com:80/fs_img/site_list/index.html	text/html
20010607233536	http://rhubarbinfo.com:80/fs_img/spacer.gif	image/gif
20010608010815	http://rhubarbinfo.com:80/fs_img/sponsor/120x60.gif	image/gif
20010607233135	http://rhubarbinfo.com:80/fs_img/sponsor/befree.gif	image/gif
20010607233832	http://rhubarbinfo.com:80/fs_img/sponsor/bizhosting88x31.gif	image/gif
20010607202700	http://rhubarbinfo.com:80/fs_img/sponsor/carprices_120x60.gif	image/gif
20010623103148	http://www.rhubarbinfo.com:80/fs_img/sponsor/entercasino2.gif	image/gif
20010603002301	http://rhubarbinfo.com:80/fs_img/sponsor/ffs120x60.gif	image/gif
20010814175029	http://rhubarbinfo.com:80/fs_img/sponsor/godaddy120.gif	image/gif
20010607233549	http://rhubarbinfo.com:80/fs_img/sponsor/newnet88x31.gif	image/gif
20010702075159	http://www.rhubarbinfo.com:80/fs_img/sponsor/nextcard120.gif	image/gif
20010607232933	http://rhubarbinfo.com:80/fs_img/sponsor/nextcard88x31.gif	image/gif
20010607233016	http://rhubarbinfo.com:80/fs_img/sponsor/register.gif	image/gif
20131102062340	http://rhubarbinfo.com/goliath_rhubarb_stalks	text/html
20191016174837	http://rhubarbinfo.com/grilled_chicken_with_rhubarb_sauce	text/html
20200128132807	http://www.rhubarbinfo.com:80/growing	text/html
20200302055244	http://www.rhubarbinfo.com:80/history	text/html
20200320230726	http://www.rhubarbinfo.com/home	text/html
20030914095106	http://www.rhubarbinfo.com:80/icons/back.gif	image/gif
20030515063117	http://www.rhubarbinfo.com:80/icons/blank.gif	image/gif
20030914104123	http://www.rhubarbinfo.com:80/icons/image2.gif	image/gif
20030914112154	http://www.rhubarbinfo.com:80/icons/unknown.gif	image/gif
20140719213702	http://rhubarbinfo.com/image	text/html
20140715142849	http://rhubarbinfo.com/image/tid/85	text/html
20040113084604	http://www.rhubarbinfo.com:80/images/	text/html
20061028182858	http://www.rhubarbinfo.com:80/images/7033011.jpg	image/jpeg
20061029164507	http://www.rhubarbinfo.com:80/images/ECB.jpg	image/jpeg
20030513174841	http://www.rhubarbinfo.com:80/images/JB.psp	application/octet-stream
20070314141206	http://www.rhubarbinfo.com:80/images/R001.jpg	image/jpeg
20070314141216	http://www.rhubarbinfo.com:80/images/R002.jpg	image/jpeg
20060209042822	http://www.rhubarbinfo.com:80/images/R003.jpg	image/jpeg
20061209053324	http://www.rhubarbinfo.com:80/images/R004.jpg	image/jpeg
20061208225639	http://www.rhubarbinfo.com:80/images/R005.jpg	image/jpeg
20001003202718	http://www.rhubarbinfo.com:80/images/R006.gif	im
20030921110229	http://www.rhubarbinfo.com:80/images/R007.jpg	image/jpeg
20030921122616	http://www.rhubarbinfo.com:80/images/R008.jpg	image/jpeg
20030921220004	http://www.rhubarbinfo.com:80/images/R009.jpg	image/jpeg
20030921232210	http://www.rhubarbinfo.com:80/images/R010.jpg	image/jpeg
20070312195646	http://www.rhubarbinfo.com:80/images/R011.jpg	image/jpeg
20030922011050	http://www.rhubarbinfo.com:80/images/R012.jpg	image/jpeg
20070312091243	http://www.rhubarbinfo.com:80/images/R013.jpg	image/jpeg
20061025220609	http://www.rhubarbinfo.com:80/images/R014.jpg	image/jpeg
20010702083202	http://www.rhubarbinfo.com:80/images/R015.jpg	image/jpeg
20061208225811	http://www.rhubarbinfo.com:80/images/R016.jpg	image/jpeg
20060209042836	http://www.rhubarbinfo.com:80/images/R017.jpg	image/jpeg
20010821210218	http://rhubarbinfo.com:80/images/R018.jpg	image/jpeg
20010821210935	http://rhubarbinfo.com:80/images/R019.jpg	image/jpeg
20061209053551	http://www.rhubarbinfo.com:80/images/R020.jpg	image/jpeg
20010702074333	http://www.rhubarbinfo.com:80/images/R021.jpg	image/jpeg
20010821211001	http://rhubarbinfo.com:80/images/R022.jpg	image/jpeg
20070107081852	http://www.rhubarbinfo.com:80/images/R023.jpg	image/jpeg
20010702082115	http://www.rhubarbinfo.com:80/images/R024.jpg	image/jpeg
20061211101314	http://www.rhubarbinfo.com:80/images/R025.jpg	image/jpeg
20010821212523	http://rhubarbinfo.com:80/images/R026.jpg	image/jpeg
20010811125449	http://rhubarbinfo.com:80/images/R027.jpg	image/jpeg
20010702090138	http://www.rhubarbinfo.com:80/images/R028.jpg	image/jpeg
20010811130104	http://rhubarbinfo.com:80/images/R029.jpg	image/jpeg
20010706121312	http://www.rhubarbinfo.com:80/images/R030.jpg	image/jpeg
20010706122828	http://www.rhubarbinfo.com:80/images/R031.jpg	image/jpeg
20010821213428	http://rhubarbinfo.com:80/images/R032.jpg	image/jpeg
20060727233231	http://www.rhubarbinfo.com:80/images/R033.jpg	image/jpeg
20010706111943	http://www.rhubarbinfo.com:80/images/R034.jpg	image/jpeg
20070107081844	http://www.rhubarbinfo.com:80/images/R035.jpg	image/jpeg
20061026020150	http://www.rhubarbinfo.com:80/images/R036.jpg	image/jpeg
20010821214106	http://rhubarbinfo.com:80/images/R037.jpg	image/jpeg
20010821214608	http://rhubarbinfo.com:80/images/R038.jpg	image/jpeg
20010706121316	http://www.rhubarbinfo.com:80/images/R039.jpg	image/jpeg
20010807051722	http://rhubarbinfo.com:80/images/R040.jpg	image/jpeg
20060721034056	http://www.rhubarbinfo.com:80/images/R041.jpg	image/jpeg
20061029164908	http://www.rhubarbinfo.com:80/images/R042.jpg	image/jpeg
20010821215652	http://rhubarbinfo.com:80/images/R043.jpg	image/jpeg
20061211121747	http://www.rhubarbinfo.com:80/images/R044.jpg	image/jpeg
20061208225747	http://www.rhubarbinfo.com:80/images/R045.jpg	image/jpeg
20061209194016	http://www.rhubarbinfo.com:80/images/R046.jpg	image/jpeg
20061211095844	http://www.rhubarbinfo.com:80/images/R047.jpg	image/jpeg
20061208225827	http://www.rhubarbinfo.com:80/images/R048.jpg	image/jpeg
20061208225852	http://www.rhubarbinfo.com:80/images/R049.jpg	image/jpeg
20070313164324	http://www.rhubarbinfo.com:80/images/R050.jpg	image/jpeg
20070313164333	http://www.rhubarbinfo.com:80/images/R051.jpg	image/jpeg
20070312232944	http://www.rhubarbinfo.com:80/images/R500.jpg	image/jpeg
20061025220557	http://www.rhubarbinfo.com:80/images/R501.jpg	image/jpeg
20070107002509	http://www.rhubarbinfo.com:80/images/R502.jpg	image/jpeg
20070420203533	http://www.rhubarbinfo.com:80/images/R503.jpg	image/jpeg
20070322082005	http://www.rhubarbinfo.com:80/images/R504.jpg	image/jpeg
20061028183023	http://www.rhubarbinfo.com:80/images/R505.jpg	image/jpeg
20070107161833	http://www.rhubarbinfo.com:80/images/R600.jpg	image/jpeg
20070206064734	http://www.rhubarbinfo.com:80/images/R604.jpg	image/jpeg
20070313164258	http://www.rhubarbinfo.com:80/images/R605.jpg	image/jpeg
20061029164838	http://www.rhubarbinfo.com:80/images/R606.jpg	image/jpeg
20070331010251	http://www.rhubarbinfo.com:80/images/RhubarbWineDaylily.jpg	image/jpeg
20131229195213	http://rhubarbinfo.com/images/background.png	image/png
20070107002445	http://www.rhubarbinfo.com:80/images/bbppr2.GIF	image/gif
20010811134809	http://rhubarbinfo.com:80/images/conidia.jpg	image/jpeg
20010811135314	http://rhubarbinfo.com:80/images/crn_armyworm_larva.jpg	image/jpeg
20091024222453	http://www.rhubarbinfo.com/images/crn_fall_armyworm.jpg	image/jpeg
20010811135910	http://rhubarbinfo.com:80/images/crn_glassy_cutworm.jpg	image/jpeg
20060813141950	http://www.rhubarbinfo.com:80/images/curculio.jpg	image/jpeg
20061028183002	http://www.rhubarbinfo.com:80/images/driedroot.gif	image/gif
20001003125202	http://www.rhubarbinfo.com:80/images/farmers.almanac.jpg	im
20061029164617	http://www.rhubarbinfo.com:80/images/festivalmap.gif	image/gif
20010811141232	http://rhubarbinfo.com:80/images/fleabeetle.gif	image/gif
20001003220058	http://www.rhubarbinfo.com:80/images/foodresource.gif	im
20060721034110	http://www.rhubarbinfo.com:80/images/forcinghothouse.gif	image/gif
20010811141621	http://rhubarbinfo.com:80/images/greenaphid.jpg	image/jpeg
20000824033525	http://www.rhubarbinfo.com:80/images/honeyfungus1.jpg	image/jpeg
20050205065107	http://rhubarbinfo.com:80/images/index.htm	text/html
20001002234354	http://www.rhubarbinfo.com:80/images/iw-mini.gif	im
20010811142443	http://rhubarbinfo.com:80/images/japanesebeetle.gif	image/gif
20001004010912	http://www.rhubarbinfo.com:80/images/launchpad.gif	im
20000824034550	http://www.rhubarbinfo.com:80/images/lblw1a.gif	image/gif
20001004060430	http://www.rhubarbinfo.com:80/images/leaf001.jpg	im
20010814180013	http://rhubarbinfo.com:80/images/leaf001small.gif	image/gif
20001013122939	http://www.rhubarbinfo.com:80/images/leaves.gif	im
20030601101921	http://www.rhubarbinfo.com:80/images/logo.footer.gif	image/gif
20021027204001	http://rhubarbinfo.com:80/images/logo.header.gif	image/gif
20001002233235	http://www.rhubarbinfo.com:80/images/maunys.gif	im
20000824033510	http://www.rhubarbinfo.com:80/images/mulch.gif	image/gif
20010811143453	http://rhubarbinfo.com:80/images/mulch.jpg	image/jpeg
20070205192543	http://www.rhubarbinfo.com:80/images/order_now.gif	image/gif
20070126042326	http://www.rhubarbinfo.com:80/images/oxalicacid.gif	image/gif
20091024211625	http://rhubarbinfo.com/images/plant.gif	image/gif
20200320231750	http://www.rhubarbinfo.com/images/plant.png	image/png
20010814180037	http://rhubarbinfo.com:80/images/point.gif	image/gif
20000928111326	http://rhubarbinfo.com:80/images/redstalks.gif	im
20140829171117	http://www.rhubarbinfo.com/images/rhubarbparts.gif	image/gif
20010623084908	http://www.rhubarbinfo.com:80/images/ring4.jpg	image/jpeg
20001006162854	http://www.rhubarbinfo.com:80/images/ring5.jpg	im
20010814180105	http://rhubarbinfo.com:80/images/small.onecupofbarb.noback.gif	image/gif
20000824034407	http://www.rhubarbinfo.com:80/images/soar-mini.gif	image/gif
20000905112438	http://www.rhubarbinfo.com:80/images/stalkborer.jpg	im
20091024211635	http://rhubarbinfo.com/images/stalks-green.gif	image/gif
20091024211630	http://rhubarbinfo.com/images/stalks-red.gif	image/gif
20061029164640	http://www.rhubarbinfo.com:80/images/t_new6.jpg	image/jpeg
20000824034334	http://www.rhubarbinfo.com:80/images/tasteof.jpg	image/jpeg
20001003235813	http://www.rhubarbinfo.com:80/images/tstaward.gif	im
20001004055749	http://www.rhubarbinfo.com:80/images/url.gif	im
20001003060328	http://www.rhubarbinfo.com:80/images/yahoo-potw.gif	im
20010811145301	http://rhubarbinfo.com:80/images/yellow.woolley.bear.moth.jpg	image/jpeg
20230803054821	https://www.rhubarbinfo.com/index.html	text/html
20190723203944	http://rhubarbinfo.com/inside_rhubarb_flower_bud	text/html
20200224075024	http://www.rhubarbinfo.com:80/jam	text/html
20240529192253	https://www.rhubarbinfo.com/js/cookienotice.js	text/javascript
20190723203722	http://rhubarbinfo.com/macdonald_rhubarb_plant	text/html
20200302054502	http://www.rhubarbinfo.com:80/maincontents	text/html
20200302055254	http://www.rhubarbinfo.com:80/medicinal	text/html
20131229182906	http://rhubarbinfo.com/mini/bonsai.png	image/png
20200320231802	http://www.rhubarbinfo.com/mini/bookstack01.png	image/png
20200320231813	http://www.rhubarbinfo.com/mini/bookstack02.png	image/png
20200119042447	http://www.rhubarbinfo.com/mini/bread.png	image/png
20200119042438	http://www.rhubarbinfo.com/mini/breadmachine.png	image/png
20200119042440	http://www.rhubarbinfo.com/mini/cake.png	image/png
20200119042443	http://www.rhubarbinfo.com/mini/candy.png	image/png
20160407082332	http://www.rhubarbinfo.com/mini/ccbysa.png	image/png
20200119042444	http://www.rhubarbinfo.com/mini/chicken.png	image/png
20200119042436	http://www.rhubarbinfo.com/mini/chocolate.png	image/png
20200119042444	http://www.rhubarbinfo.com/mini/cobbler.png	image/png
20160407230814	http://www.rhubarbinfo.com/mini/compass.png	image/png
20200119042442	http://www.rhubarbinfo.com/mini/cookie.png	image/png
20160407171431	http://www.rhubarbinfo.com/mini/crossbones.png	image/png
20200119042444	http://www.rhubarbinfo.com/mini/cupcake.png	image/png
20200119042445	http://www.rhubarbinfo.com/mini/drink.png	image/png
20200119042438	http://www.rhubarbinfo.com/mini/dumpling.png	image/png
20200119042442	http://www.rhubarbinfo.com/mini/eats.png	image/png
20200119042445	http://www.rhubarbinfo.com/mini/fish02.png	image/png
20160407230802	http://www.rhubarbinfo.com/mini/flower.png	image/png
20200119042446	http://www.rhubarbinfo.com/mini/gruel.png	image/png
20200119042437	http://www.rhubarbinfo.com/mini/ham2.png	image/png
20131229183145	http://rhubarbinfo.com/mini/health.png	image/png
20160407170426	http://www.rhubarbinfo.com/mini/hierarchy.png	image/png
20131229183645	http://rhubarbinfo.com/mini/history.png	image/png
20200119042443	http://www.rhubarbinfo.com/mini/icecream.png	image/png
20200119042446	http://www.rhubarbinfo.com/mini/jam.png	image/png
20160407231742	http://www.rhubarbinfo.com/mini/kitchen.png	image/png
20200320231824	http://www.rhubarbinfo.com/mini/leaf.png	image/png
20200119042443	http://www.rhubarbinfo.com/mini/lettuce.png	image/png
20131229183117	http://rhubarbinfo.com/mini/medicine.png	image/png
20200119042443	http://www.rhubarbinfo.com/mini/muffin.png	image/png
20160407230847	http://www.rhubarbinfo.com/mini/package.png	image/png
20200119042437	http://www.rhubarbinfo.com/mini/pickles.png	image/png
20200119042447	http://www.rhubarbinfo.com/mini/pie.png	image/png
20160407230852	http://www.rhubarbinfo.com/mini/pot.png	image/png
20200119042447	http://www.rhubarbinfo.com/mini/pudding.png	image/png
20131229182049	http://rhubarbinfo.com/mini/question.png	image/png
20160407231732	http://www.rhubarbinfo.com/mini/red_green.png	image/png
20160407230751	http://www.rhubarbinfo.com/mini/sack.png	image/png
20200119042436	http://www.rhubarbinfo.com/mini/sauce.png	image/png
20160407170312	http://www.rhubarbinfo.com/mini/seeds.png	image/png
20160407230824	http://www.rhubarbinfo.com/mini/snowflake.png	image/png
20200119042439	http://www.rhubarbinfo.com/mini/souffle.png	image/png
20200119042441	http://www.rhubarbinfo.com/mini/soup.png	image/png
20160407230948	http://www.rhubarbinfo.com/mini/sprout.png	image/png
20200119042437	http://www.rhubarbinfo.com/mini/star03.png	image/png
20200119042440	http://www.rhubarbinfo.com/mini/tart.png	image/png
20190402072802	http://www.rhubarbinfo.com/mini/thumbup.png	image/png
20200119042442	http://www.rhubarbinfo.com/mini/trifle.png	image/png
20200119042440	http://www.rhubarbinfo.com/mini/wine.png	image/png
20160720233546	http://www.rhubarbinfo.com/misc/arrow-asc.png	image/png
20130910172650	http://rhubarbinfo.com/misc/arrow-desc.png	image/png
20200320232501	http://www.rhubarbinfo.com/misc/draggable.png	image/png
20200320231316	http://www.rhubarbinfo.com/misc/drupal.js	application/javascript
20150906162636	http://www.rhubarbinfo.com/misc/feed.png	image/png
20200320232450	http://www.rhubarbinfo.com/misc/grippie.png	image/png
20200320232644	http://www.rhubarbinfo.com/misc/help.png	image/png
20200320231255	http://www.rhubarbinfo.com/misc/jquery.js	application/javascript
20200320231306	http://www.rhubarbinfo.com/misc/jquery.once.js	application/javascript
20200320232548	http://www.rhubarbinfo.com/misc/menu-collapsed.png	image/png
20200320232535	http://www.rhubarbinfo.com/misc/menu-expanded.png	image/png
20200320232559	http://www.rhubarbinfo.com/misc/menu-leaf.png	image/png
20200320232633	http://www.rhubarbinfo.com/misc/message-24-error.png	image/png
20200320232609	http://www.rhubarbinfo.com/misc/message-24-ok.png	image/png
20200320232621	http://www.rhubarbinfo.com/misc/message-24-warning.png	image/png
20130907181355	http://www.rhubarbinfo.com/misc/print.css	text/css
20200320232654	http://www.rhubarbinfo.com/misc/progress.gif	image/gif
20200320232440	http://www.rhubarbinfo.com/misc/throbber.gif	image/gif
20200320232524	http://www.rhubarbinfo.com/misc/tree-bottom.png	image/png
20200320232513	http://www.rhubarbinfo.com/misc/tree.png	image/png
20200320231435	http://www.rhubarbinfo.com/modules/comment/comment.css	text/css
20200320231447	http://www.rhubarbinfo.com/modules/field/theme/field.css	text/css
20200320231457	http://www.rhubarbinfo.com/modules/node/node.css	text/css
20200320231508	http://www.rhubarbinfo.com/modules/poll/poll.css	text/css
20200320231349	http://www.rhubarbinfo.com/modules/system/system.base.css	text/css
20200320231400	http://www.rhubarbinfo.com/modules/system/system.menus.css	text/css
20200320231414	http://www.rhubarbinfo.com/modules/system/system.messages.css	text/css
20200320231424	http://www.rhubarbinfo.com/modules/system/system.theme.css	text/css
20200320231521	http://www.rhubarbinfo.com/modules/user/user.css	text/css
20190723203918	http://rhubarbinfo.com/more_cut_rhubarb	text/html
20200223220110	http://rhubarbinfo.com:80/muffin	text/html
20100630133505	http://www.rhubarbinfo.com:80/muffins	text/html
20120804025333	http://www.rhubarbinfo.com:80/node/10414	text/html
20120804025338	http://www.rhubarbinfo.com:80/node/10621	text/html
20121025112340	http://www.rhubarbinfo.com/node/1202	text/html
20121025112422	http://www.rhubarbinfo.com/node/1203	text/html
20121025112352	http://www.rhubarbinfo.com/node/1204	text/html
20121025112411	http://www.rhubarbinfo.com/node/1206	text/html
20121025111807	http://www.rhubarbinfo.com/node/1207	text/html
20121025111754	http://www.rhubarbinfo.com/node/1208	text/html
20121025111946	http://www.rhubarbinfo.com/node/1209	text/html
20121025111819	http://www.rhubarbinfo.com/node/1210	text/html
20121025111935	http://www.rhubarbinfo.com/node/1211	text/html
20121025111830	http://www.rhubarbinfo.com/node/1215	text/html
20121025111843	http://www.rhubarbinfo.com/node/1216	text/html
20200120000113	http://www.rhubarbinfo.com:80/node/124	text/html
20121025063554	http://www.rhubarbinfo.com/node/13231	text/html
20121025084443	http://www.rhubarbinfo.com/node/15206	text/html
20121025093420	http://www.rhubarbinfo.com/node/1623	text/html
20191016175755	http://rhubarbinfo.com/node/1875	text/html
20160620074643	http://www.rhubarbinfo.com:80/node/1875/results	text/html
20160620074650	http://www.rhubarbinfo.com:80/node/1875/votes	text/html
20121028014353	http://www.rhubarbinfo.com/node/19283	text/html
20121028014340	http://www.rhubarbinfo.com/node/19284	text/html
20160731191216	http://rhubarbinfo.com/node/197	text/html
20160827100921	http://www.rhubarbinfo.com/node/198	text/html
20120904155234	http://www.rhubarbinfo.com:80/node/20020	text/html
20120904155256	http://www.rhubarbinfo.com:80/node/20022	text/html
20121025112327	http://www.rhubarbinfo.com/node/2025	text/html
20121001001521	http://www.rhubarbinfo.com:80/node/20672	text/html
20120920054433	http://www.rhubarbinfo.com:80/node/21483	text/html
20120902040934	http://www.rhubarbinfo.com:80/node/21905	text/html
20120919211913	http://www.rhubarbinfo.com/node/21991	text/html
20120829043951	http://www.rhubarbinfo.com:80/node/22564	text/html
20190512050436	http://www.rhubarbinfo.com/node/229	text/html
20120902040939	http://www.rhubarbinfo.com:80/node/23058	text/html
20200201021455	http://www.rhubarbinfo.com:80/node/231	text/html
20200120072957	http://www.rhubarbinfo.com:80/node/232	text/html
20200223190324	http://www.rhubarbinfo.com:80/node/234	text/html
20190901121741	http://www.rhubarbinfo.com:80/node/235	text/html
20190323000131	http://www.rhubarbinfo.com/node/236	text/html
20191231023221	http://www.rhubarbinfo.com:80/node/237	text/html
20200223000751	http://www.rhubarbinfo.com:80/node/238	text/html
20120925060720	http://www.rhubarbinfo.com:80/node/23867	text/html
20190630163115	http://rhubarbinfo.com/node/239	text/html
20191229221933	http://www.rhubarbinfo.com:80/node/240	text/html
20200222061010	http://www.rhubarbinfo.com:80/node/241	text/html
20190701000106	http://rhubarbinfo.com/node/242	text/html
20190629231014	http://www.rhubarbinfo.com/node/243	text/html
20190630183338	http://rhubarbinfo.com/node/244	text/html
20200223001027	http://www.rhubarbinfo.com:80/node/245	text/html
20200120075202	http://www.rhubarbinfo.com:80/node/246	text/html
20121025065645	http://www.rhubarbinfo.com/node/2469	text/html
20200224151623	http://rhubarbinfo.com:80/node/247	text/html
20200223034336	http://www.rhubarbinfo.com:80/node/248	text/html
20200223000920	http://www.rhubarbinfo.com:80/node/249	text/html
20190417100849	http://www.rhubarbinfo.com/node/250	text/html
20121025112652	http://www.rhubarbinfo.com/node/25071	text/html
20121025112705	http://www.rhubarbinfo.com/node/25074	text/html
20121025112849	http://www.rhubarbinfo.com/node/25077	text/html
20121025112626	http://www.rhubarbinfo.com/node/25081	text/html
20121025112812	http://www.rhubarbinfo.com/node/25085	text/html
20200223034635	http://www.rhubarbinfo.com:80/node/251	text/html
20200223001045	http://www.rhubarbinfo.com:80/node/252	text/html
20200223000600	http://www.rhubarbinfo.com:80/node/253	text/html
20190417100855	http://www.rhubarbinfo.com/node/254	text/html
20200225042223	http://www.rhubarbinfo.com:80/node/255	text/html
20190821172506	http://www.rhubarbinfo.com:80/node/256	text/html
20200320230715	http://www.rhubarbinfo.com/node/257	text/html
20121019204512	http://www.rhubarbinfo.com:80/node/26135	text/html
20160425120529	http://rhubarbinfo.com/node/266	text/html
20120711132750	http://www.rhubarbinfo.com:80/node/2670	text/html
20120711133845	http://www.rhubarbinfo.com:80/node/2672	text/html
20170629125715	http://www.rhubarbinfo.com/node/270	text/html
20120711132806	http://www.rhubarbinfo.com:80/node/2713	text/html
20200302055259	http://www.rhubarbinfo.com:80/node/274	text/html
20121028134537	http://www.rhubarbinfo.com:80/node/27668	text/html
20121009014741	http://www.rhubarbinfo.com:80/node/27831	text/html
20170629084512	http://www.rhubarbinfo.com/node/291	text/html
20190630060812	http://rhubarbinfo.com/node/292	text/html
20190630014142	http://rhubarbinfo.com/node/293	text/html
20190630082222	http://rhubarbinfo.com/node/294	text/html
20190629204902	http://rhubarbinfo.com/node/295	text/html
20170629082522	http://www.rhubarbinfo.com/node/296	text/html
20120711133851	http://www.rhubarbinfo.com:80/node/2962	text/html
20121019204517	http://www.rhubarbinfo.com:80/node/29699	text/html
20190630002814	http://rhubarbinfo.com/node/297	text/html
20190630061528	http://rhubarbinfo.com/node/298	text/html
20170629132636	http://www.rhubarbinfo.com/node/299	text/html
20170629092428	http://www.rhubarbinfo.com/node/300	text/html
20120928024719	http://www.rhubarbinfo.com:80/node/3007	text/html
20200223034135	http://www.rhubarbinfo.com:80/node/301	text/html
20200223001216	http://www.rhubarbinfo.com:80/node/302	text/html
20200224191053	http://www.rhubarbinfo.com:80/node/303	text/html
20200223000626	http://rhubarbinfo.com:80/node/304	text/html
20200223034852	http://www.rhubarbinfo.com:80/node/305	text/html
20200223034641	http://www.rhubarbinfo.com:80/node/306	text/html
20200223000841	http://rhubarbinfo.com:80/node/307	text/html
20200223190525	http://www.rhubarbinfo.com:80/node/308	text/html
20200223033736	http://www.rhubarbinfo.com:80/node/309	text/html
20200201021836	http://www.rhubarbinfo.com:80/node/310	text/html
20200223033438	http://www.rhubarbinfo.com:80/node/311	text/html
20190417100807	http://www.rhubarbinfo.com/node/312	text/html
20190714034533	http://www.rhubarbinfo.com:80/node/314	text/html
20190417100807	http://www.rhubarbinfo.com/node/315	text/html
20170629133944	http://www.rhubarbinfo.com/node/316	text/html
20190509064400	http://www.rhubarbinfo.com/node/317	text/html
20160802043414	http://rhubarbinfo.com/node/318	text/html
20160621011148	http://www.rhubarbinfo.com:80/node/318/results	text/html
20160620074705	http://www.rhubarbinfo.com:80/node/318/votes	text/html
20190630052009	http://rhubarbinfo.com/node/319	text/html
20191016175233	http://rhubarbinfo.com/node/321	text/html
20160620074359	http://www.rhubarbinfo.com:80/node/321/results	text/html
20160620074710	http://www.rhubarbinfo.com:80/node/321/votes	text/html
20120924190318	http://www.rhubarbinfo.com:80/node/32545	text/html
20121028013135	http://www.rhubarbinfo.com:80/node/35122	text/html
20120724003216	http://www.rhubarbinfo.com:80/node/3527	text/html
20121028134514	http://www.rhubarbinfo.com:80/node/38550	text/html
20120712011052	http://www.rhubarbinfo.com:80/node/3917	text/html
20121028142006	http://www.rhubarbinfo.com:80/node/43893	text/html
20121025063607	http://www.rhubarbinfo.com/node/4517	text/html
20120730103955	http://www.rhubarbinfo.com:80/node/4689	text/html
20191228170906	http://www.rhubarbinfo.com:80/node/48056	text/html
20200302055304	http://www.rhubarbinfo.com:80/node/48056/results	text/html
20191229040926	http://www.rhubarbinfo.com:80/node/48056/votes	text/html
20190630024553	http://rhubarbinfo.com/node/48057	text/html
20120711132813	http://www.rhubarbinfo.com:80/node/4971	text/html
20200120002308	http://rhubarbinfo.com:80/node/5	text/html
20120715021333	http://www.rhubarbinfo.com:80/node/5347	text/html
20121025075225	http://www.rhubarbinfo.com/node/6597	text/html
20121001050618	http://rhubarbinfo.com:80/node/6598	text/html
20121025072351	http://www.rhubarbinfo.com/node/6600	text/html
20120730234326	http://rhubarbinfo.com:80/node/6601	text/html
20120808141726	http://rhubarbinfo.com/node/700	text/html
20121025065719	http://www.rhubarbinfo.com/node/730	text/html
20121025085535	http://www.rhubarbinfo.com/node/779	text/html
20120302232352	http://www.rhubarbinfo.com:80/node/817	text/html
20121025073404	http://www.rhubarbinfo.com/node/843	text/html
20121025063655	http://www.rhubarbinfo.com/node/858	text/html
20120312083951	http://www.rhubarbinfo.com:80/node/896	text/html
20121025065656	http://www.rhubarbinfo.com/node/915	text/html
20120324151724	http://www.rhubarbinfo.com:80/node/916	text/html
20120507153714	http://rhubarbinfo.com/node/921	text/html
20120909134129	http://www.rhubarbinfo.com:80/node/9547	text/html
20120909153525	http://www.rhubarbinfo.com:80/node/9551	text/html
20120815070348	http://www.rhubarbinfo.com:80/node/9563	text/html
20120815070343	http://www.rhubarbinfo.com:80/node/9569	text/html
20120507153447	http://rhubarbinfo.com/node/965	text/html
20200220002938	http://www.rhubarbinfo.com:80/not-rhubarb	text/html
20191228170758	http://www.rhubarbinfo.com:80/nutritional	text/html
20200305072956	http://www.rhubarbinfo.com:80/other	text/html
20240920194655	https://www.rhubarbinfo.com/p/blog-page.html	text/html
20240920202518	https://www.rhubarbinfo.com/p/rhubarb-informational-pages.html	text/html
20020109173945	http://www.rhubarbinfo.com:80/page2.html	text/html
20200222205654	http://rhubarbinfo.com:80/pickles	text/html
20200222121156	http://rhubarbinfo.com:80/pie	text/html
20200226221159	http://www.rhubarbinfo.com/poison	text/html
20200302055314	http://www.rhubarbinfo.com:80/poll	text/html
20200222205326	http://rhubarbinfo.com:80/pork	text/html
20191016180507	http://rhubarbinfo.com/powdered_rhubarb	text/html
20200302055319	http://www.rhubarbinfo.com:80/propagating	text/html
20200222205220	http://rhubarbinfo.com:80/pudding	text/html
20081014075618	http://www.rhubarbinfo.com:80/recipe-bar.html	text/html
20081016043106	http://www.rhubarbinfo.com:80/recipe-bread.html	text/html
20081106134620	http://www.rhubarbinfo.com:80/recipe-cake.html	text/html
20081015042331	http://www.rhubarbinfo.com:80/recipe-cobbler.html	text/html
20081015042336	http://www.rhubarbinfo.com:80/recipe-cookie.html	text/html
20081015042341	http://www.rhubarbinfo.com:80/recipe-dessert.html	text/html
20081016043111	http://www.rhubarbinfo.com:80/recipe-drink.html	text/html
20081017225142	http://www.rhubarbinfo.com:80/recipe-frozen.html	text/html
20050421155127	http://www.rhubarbinfo.com:80/recipe-index.htm	text/html
20081108130241	http://www.rhubarbinfo.com:80/recipe-index.html	text/html
20081014075623	http://www.rhubarbinfo.com:80/recipe-jam.html	text/html
20081016043116	http://www.rhubarbinfo.com:80/recipe-muffin.html	text/html
20081016010547	http://www.rhubarbinfo.com:80/recipe-other.html	text/html
20081107221626	http://www.rhubarbinfo.com:80/recipe-pie.html	text/html
20081015042346	http://www.rhubarbinfo.com:80/recipe-pudding.html	text/html
20081016043121	http://www.rhubarbinfo.com:80/recipe-salad.html	text/html
20081015042351	http://www.rhubarbinfo.com:80/recipe-sauce.html	text/html
20081017225146	http://www.rhubarbinfo.com:80/recipe-soup.html	text/html
20081016043126	http://www.rhubarbinfo.com:80/recipe-tart.html	text/html
20081015042401	http://www.rhubarbinfo.com:80/recipe-wine.html	text/html
20141005232906	http://www.rhubarbinfo.com:80/recipe/bycat	text/html
20141005231925	http://www.rhubarbinfo.com:80/recipe/bying	text/html
20140701132058	http://rhubarbinfo.com/recipe/bying/1	text/html
20140701120416	http://rhubarbinfo.com/recipe/bying/10	text/html
20140701130202	http://rhubarbinfo.com/recipe/bying/11	text/html
20140701113525	http://rhubarbinfo.com/recipe/bying/12	text/html
20140701130833	http://rhubarbinfo.com/recipe/bying/13	text/html
20140701115525	http://rhubarbinfo.com/recipe/bying/2	text/html
20140701125402	http://rhubarbinfo.com/recipe/bying/3	text/html
20140701132338	http://rhubarbinfo.com/recipe/bying/4	text/html
20140701114408	http://rhubarbinfo.com/recipe/bying/5	text/html
20140701125115	http://rhubarbinfo.com/recipe/bying/6	text/html
20140701115800	http://rhubarbinfo.com/recipe/bying/7	text/html
20140701115018	http://rhubarbinfo.com/recipe/bying/8	text/html
20140701125926	http://rhubarbinfo.com/recipe/bying/9	text/html
20141005231827	http://www.rhubarbinfo.com:80/recipe/byname	text/html
20200302055329	http://www.rhubarbinfo.com:80/recipes	text/html
20191018020034	http://www.rhubarbinfo.com/recipes/	text/html
20010622081139	http://www.rhubarbinfo.com:80/recipes/bar/index.htm	text/html
20010620104225	http://www.rhubarbinfo.com:80/recipes/bread/	text/html
20010629032949	http://www.rhubarbinfo.com:80/recipes/bread/index.htm	text/html
20010721134513	http://rhubarbinfo.com:80/recipes/cake/	text/html
20010622072548	http://www.rhubarbinfo.com:80/recipes/cake/index.htm	text/html
20010624071616	http://www.rhubarbinfo.com:80/recipes/cobbler/index.htm	text/html
20010629033322	http://www.rhubarbinfo.com:80/recipes/cookie/index.htm	text/html
20010711174409	http://www.rhubarbinfo.com:80/recipes/cookie/rhubarb-search.html	text/html
20010818072448	http://www.rhubarbinfo.com:80/recipes/cookie/rhubarb.cookies.01.html	text/html
20010422172748	http://rhubarbinfo.com:80/recipes/desserts/index.htm	text/html
20010629033622	http://www.rhubarbinfo.com:80/recipes/drink/index.htm	text/html
20010625125740	http://www.rhubarbinfo.com:80/recipes/frozen/index.htm	text/html
20010816035129	http://www.rhubarbinfo.com:80/recipes/index.html	text/html
20010124105000	http://www.rhubarbinfo.com:80/recipes/jam/	text/html
20010624071736	http://www.rhubarbinfo.com:80/recipes/jam/index.htm	text/html
20010629034530	http://www.rhubarbinfo.com:80/recipes/muffin/index.htm	text/html
20010629035342	http://www.rhubarbinfo.com:80/recipes/other/index.htm	text/html
20010712171908	http://www.rhubarbinfo.com:80/recipes/other/index.html	text/html
20010713124559	http://www.rhubarbinfo.com:80/recipes/other/rhubarb-search.html	text/html
20010624071643	http://www.rhubarbinfo.com:80/recipes/pie/	text/html
20010818073437	http://www.rhubarbinfo.com:80/recipes/pie/dyson.rhubarb.pie.01.html	text/html
20010814122630	http://www.rhubarbinfo.com:80/recipes/pie/index.htm	text/html
20010818073659	http://www.rhubarbinfo.com:80/recipes/pie/new.fashioned.rhu-berry.pie.01.html	text/html
20010711174709	http://www.rhubarbinfo.com:80/recipes/pie/rhubarb-search.html	text/html
20010818074050	http://www.rhubarbinfo.com:80/recipes/pie/rhubarb.cream.pie.02.html	text/html
20010622065707	http://www.rhubarbinfo.com:80/recipes/pie/rhubarb.custard.crumb.pie.01.html	text/html
20010818075504	http://www.rhubarbinfo.com:80/recipes/pie/rhubarb.pie.02.html	text/html
20010818075256	http://www.rhubarbinfo.com:80/recipes/pie/rhubarb.sourcream.pie.01.html	text/html
20010624072257	http://www.rhubarbinfo.com:80/recipes/pudding/index.htm	text/html
20010629035656	http://www.rhubarbinfo.com:80/recipes/salad/index.htm	text/html
20010624071559	http://www.rhubarbinfo.com:80/recipes/sauce/index.htm	text/html
20010629035435	http://www.rhubarbinfo.com:80/recipes/soup/index.htm	text/html
20010624072151	http://www.rhubarbinfo.com:80/recipes/tart/index.htm	text/html
20001214140200	http://www.rhubarbinfo.com:80/recipes/wine/index.htm	text/html
20190901115436	http://www.rhubarbinfo.com:80/rheum_palmatum	text/html
20160711013107	http://www.rhubarbinfo.com:80/rhuarb_slump	text/html
20010821014446	http://www.rhubarbinfo.com:80/rhubarb-awards.html	text/html
20081014075628	http://www.rhubarbinfo.com:80/rhubarb-background.html	text/html
20010408194856	http://rhubarbinfo.com:80/rhubarb-bacteria.html	text/html
20001012155205	http://rhubarbinfo.com:80/rhubarb-bibliography.html	text/html
20010804155453	http://www.rhubarbinfo.com:80/rhubarb-copyright.html	text/html
20081014063215	http://www.rhubarbinfo.com:80/rhubarb-festivals.html	text/html
20081016043131	http://www.rhubarbinfo.com:80/rhubarb-food.html	text/html
20081018235019	http://www.rhubarbinfo.com:80/rhubarb-forcing.html	text/html
20081014075634	http://www.rhubarbinfo.com:80/rhubarb-growing.html	text/html
20081014054140	http://www.rhubarbinfo.com:80/rhubarb-helpme.html	text/html
20081017084951	http://www.rhubarbinfo.com:80/rhubarb-history.html	text/html
20081014054150	http://www.rhubarbinfo.com:80/rhubarb-info.html	text/html
20010806222117	http://www.rhubarbinfo.com:80/rhubarb-insects.html	text/html
20010804171035	http://www.rhubarbinfo.com:80/rhubarb-items.htm	text/html
20000201021734	http://www.rhubarbinfo.com:80/rhubarb-m.wav	unk
20050211162709	http://www.rhubarbinfo.com:80/rhubarb-medicinal.htm	text/html
20081017085007	http://www.rhubarbinfo.com:80/rhubarb-medicinal.html	text/html
20010804173318	http://www.rhubarbinfo.com:80/rhubarb-notes.html	text/html
20081015030118	http://www.rhubarbinfo.com:80/rhubarb-permission.html	text/html
20010806222914	http://www.rhubarbinfo.com:80/rhubarb-pests.html	text/html
20090918143059	http://www.rhubarbinfo.com/rhubarb-poison.html	text/html
20000816210709	http://www.rhubarbinfo.com:80/rhubarb-problems.html	text/html
20081014160127	http://www.rhubarbinfo.com:80/rhubarb-propagation.html	text/html
20010629182136	http://www.rhubarbinfo.com:80/rhubarb-search.html	text/html
20081021022823	http://www.rhubarbinfo.com:80/rhubarb-sources.html	text/html
20010712101805	http://www.rhubarbinfo.com:80/rhubarb-tissue.html	text/html
20081021032915	http://www.rhubarbinfo.com:80/rhubarb-uses.html	text/html
20081015042406	http://www.rhubarbinfo.com:80/rhubarb-varieties.html	text/html
20000201050741	http://www.rhubarbinfo.com:80/rhubarb-w.wav	unk
20010806214950	http://www.rhubarbinfo.com:80/rhubarb-weeds.html	text/html
20200120002322	http://www.rhubarbinfo.com:80/rhubarb_coffee_cake	text/html
20191016174928	http://rhubarbinfo.com/rhubarb_cream_tea	text/html
20190723203810	http://rhubarbinfo.com/rhubarb_flower	text/html
20190723204249	http://rhubarbinfo.com/rhubarb_flower_buds	text/html
20191118105137	http://rhubarbinfo.com/rhubarb_in_bowl	text/html
20191016174814	http://rhubarbinfo.com/rhubarb_jam	text/html
20190723203753	http://rhubarbinfo.com/rhubarb_leaf_spots	text/html
20200223034141	http://www.rhubarbinfo.com:80/rhubarb_muffins	text/html
20191016174549	http://rhubarbinfo.com/rhubarb_on_banana_bread	text/html
20190723203907	http://rhubarbinfo.com/rhubarb_root	text/html
20191016175315	http://rhubarbinfo.com/rhubarb_upsidedown_cake	text/html
20070312091234	http://www.rhubarbinfo.com:80/ricons/Th_up.gif	image/gif
20070206122848	http://www.rhubarbinfo.com:80/ricons/bread.gif	image/gif
20061027212747	http://www.rhubarbinfo.com:80/ricons/cake.gif	image/gif
20070419085741	http://www.rhubarbinfo.com:80/ricons/candy.gif	image/gif
20070418093143	http://www.rhubarbinfo.com:80/ricons/chicken.gif	image/gif
20061027212952	http://www.rhubarbinfo.com:80/ricons/chocolate.gif	image/gif
20070419085636	http://www.rhubarbinfo.com:80/ricons/cobbler.gif	image/gif
20070418093207	http://www.rhubarbinfo.com:80/ricons/cookie.gif	image/gif
20070206122927	http://www.rhubarbinfo.com:80/ricons/cupcake.gif	image/gif
20070419051521	http://www.rhubarbinfo.com:80/ricons/drink.gif	image/gif
20070418091209	http://www.rhubarbinfo.com:80/ricons/dumpling.gif	image/gif
20061027212059	http://www.rhubarbinfo.com:80/ricons/eats.gif	image/gif
20070418182337	http://www.rhubarbinfo.com:80/ricons/fish02.gif	image/gif
20060724060403	http://www.rhubarbinfo.com:80/ricons/frowny.gif	image/gif
20070418093414	http://www.rhubarbinfo.com:80/ricons/gruel.gif	image/gif
20070419013225	http://www.rhubarbinfo.com:80/ricons/ham2.gif	image/gif
20070419013207	http://www.rhubarbinfo.com:80/ricons/icecream.gif	image/gif
20070206012540	http://www.rhubarbinfo.com:80/ricons/jam.gif	image/gif
20070419085837	http://www.rhubarbinfo.com:80/ricons/kitchen.gif	image/gif
20061027213118	http://www.rhubarbinfo.com:80/ricons/lettuce.gif	image/gif
20070331010323	http://www.rhubarbinfo.com:80/ricons/link.gif	image/gif
20000824032712	http://www.rhubarbinfo.com:80/ricons/man.gif	image/gif
20010811150244	http://rhubarbinfo.com:80/ricons/mini76.gif	image/gif
20070206064805	http://www.rhubarbinfo.com:80/ricons/muffin.gif	image/gif
20010825091944	http://rhubarbinfo.com:80/ricons/new.gif	image/gif
20091024211616	http://rhubarbinfo.com/ricons/page.gif	image/gif
20061211044802	http://www.rhubarbinfo.com:80/ricons/paw.gif	image/gif
20070419085919	http://www.rhubarbinfo.com:80/ricons/pickles.gif	image/gif
20070418182304	http://www.rhubarbinfo.com:80/ricons/pie.gif	image/gif
20070418091131	http://www.rhubarbinfo.com:80/ricons/pudding.icon.gif	image/gif
20010706120913	http://www.rhubarbinfo.com:80/ricons/right.gif	image/gif
20000824034607	http://www.rhubarbinfo.com:80/ricons/rip02.gif	image/gif
20010602150904	http://rhubarbinfo.com:80/ricons/rsaclabel.gif	image/gif
20070419013132	http://www.rhubarbinfo.com:80/ricons/sauce.gif	image/gif
20011222093630	http://rhubarbinfo.com:80/ricons/smiley.gif	image/gif
20060823071200	http://www.rhubarbinfo.com:80/ricons/souffle.gif	image/gif
20070418093109	http://www.rhubarbinfo.com:80/ricons/soup.gif	image/gif
20000816210823	http://www.rhubarbinfo.com:80/ricons/stalks.gif	image/gif
20070418091241	http://www.rhubarbinfo.com:80/ricons/star03.gif	image/gif
20070418182213	http://www.rhubarbinfo.com:80/ricons/strawberry.gif	image/gif
20070206012624	http://www.rhubarbinfo.com:80/ricons/tart.gif	image/gif
20010811151351	http://rhubarbinfo.com:80/ricons/tomato.gif	image/gif
20070418181953	http://www.rhubarbinfo.com:80/ricons/trifle.gif	image/gif
20060209042924	http://www.rhubarbinfo.com:80/ricons/trowel.gif	image/gif
20070418093351	http://www.rhubarbinfo.com:80/ricons/wine.gif	image/gif
20010806165558	http://rhubarbinfo.com:80/ricons/woman.gif	image/gif
20240311115441	https://www.rhubarbinfo.com/robots.txt	text/plain
20200222205331	http://rhubarbinfo.com:80/salad	text/html
20200222121201	http://rhubarbinfo.com:80/sauce	text/html
20200302055339	http://www.rhubarbinfo.com:80/seedpods	text/html
20240110172421	https://www.rhubarbinfo.com/sitemap.xml	application/atom+xml
20200320231554	http://www.rhubarbinfo.com/sites/all/modules/ckeditor/css/ckeditor.css	text/css
20200320231607	http://www.rhubarbinfo.com/sites/all/modules/ctools/css/ctools.css	text/css
20200320232716	http://www.rhubarbinfo.com/sites/all/modules/ctools/images/status-active.gif	image/gif
20200320231533	http://www.rhubarbinfo.com/sites/all/modules/extlink/extlink.css	text/css
20200320231339	http://www.rhubarbinfo.com/sites/all/modules/extlink/extlink.js	application/javascript
20131229192934	http://rhubarbinfo.com/sites/all/modules/extlink/extlink.png	image/png
20200320232705	http://www.rhubarbinfo.com/sites/all/modules/extlink/extlink_s.png	image/png
20131229192735	http://rhubarbinfo.com/sites/all/modules/extlink/mailto.png	image/png
20131229195217	http://rhubarbinfo.com/sites/all/modules/fckeditor/plugins/imgassist/imgassist.gif	image/gif
20131229192556	http://rhubarbinfo.com/sites/all/modules/gallery_assist/images/gallery-assist-sprite.png	image/png
20131229195029	http://rhubarbinfo.com/sites/all/modules/jquerymenu/images/minus.png	image/png
20131229195008	http://rhubarbinfo.com/sites/all/modules/jquerymenu/images/plus.png	image/png
20200320231328	http://www.rhubarbinfo.com/sites/all/modules/spamspan/spamspan.js	application/javascript
20200320231619	http://www.rhubarbinfo.com/sites/all/modules/tagadelic/tagadelic.css	text/css
20200320231543	http://www.rhubarbinfo.com/sites/all/modules/views/css/views.css	text/css
20131229194308	http://rhubarbinfo.com/sites/all/modules/views/images/status-active.gif	image/gif
20200320231654	http://www.rhubarbinfo.com/sites/all/themes/zeropoint/_custom/custom-style.css	text/css
20200320234341	http://www.rhubarbinfo.com/sites/all/themes/zeropoint/_custom/myother-social-network_32.png	image/png
20200320231728	http://www.rhubarbinfo.com/sites/all/themes/zeropoint/css/ie6.css	text/css
20200320231739	http://www.rhubarbinfo.com/sites/all/themes/zeropoint/css/ie7.css	text/css
20200320234353	http://www.rhubarbinfo.com/sites/all/themes/zeropoint/css/iepngfix.htc	text/x-component
20200320231643	http://www.rhubarbinfo.com/sites/all/themes/zeropoint/css/ink.css	text/css
20200320231717	http://www.rhubarbinfo.com/sites/all/themes/zeropoint/css/print.css	text/css
20200320231704	http://www.rhubarbinfo.com/sites/all/themes/zeropoint/css/round.css	text/css
20200320231630	http://www.rhubarbinfo.com/sites/all/themes/zeropoint/css/style-zero.css	text/css
20200320234256	http://www.rhubarbinfo.com/sites/all/themes/zeropoint/images/all/_brand.png	image/png
20200320234245	http://www.rhubarbinfo.com/sites/all/themes/zeropoint/images/all/_sidebarimg.png	image/png
20200320234004	http://www.rhubarbinfo.com/sites/all/themes/zeropoint/images/all/fill_left.png	image/png
20200320234014	http://www.rhubarbinfo.com/sites/all/themes/zeropoint/images/all/fill_right.png	image/png
20200320234036	http://www.rhubarbinfo.com/sites/all/themes/zeropoint/images/all/forum-container.jpg	image/jpeg
20200320234047	http://www.rhubarbinfo.com/sites/all/themes/zeropoint/images/all/forum-link.png	image/png
20200320234025	http://www.rhubarbinfo.com/sites/all/themes/zeropoint/images/all/icon-comment.png	image/png
20200320234119	http://www.rhubarbinfo.com/sites/all/themes/zeropoint/images/all/menu-collapsed.png	image/png
20200320234108	http://www.rhubarbinfo.com/sites/all/themes/zeropoint/images/all/menu-expanded.png	image/png
20200320234057	http://www.rhubarbinfo.com/sites/all/themes/zeropoint/images/all/menu-leaf.png	image/png
20200320234129	http://www.rhubarbinfo.com/sites/all/themes/zeropoint/images/all/menu-up.png	image/png
20200320233454	http://www.rhubarbinfo.com/sites/all/themes/zeropoint/images/icons/attach.png	image/png
20200320232726	http://www.rhubarbinfo.com/sites/all/themes/zeropoint/images/icons/blocks/icon_01_32.png	image/png
20200320232750	http://www.rhubarbinfo.com/sites/all/themes/zeropoint/images/icons/blocks/icon_01_48.png	image/png
20200320232739	http://www.rhubarbinfo.com/sites/all/themes/zeropoint/images/icons/blocks/icon_02_32.png	image/png
20200320232800	http://www.rhubarbinfo.com/sites/all/themes/zeropoint/images/icons/blocks/icon_02_48.png	image/png
20200320232811	http://www.rhubarbinfo.com/sites/all/themes/zeropoint/images/icons/blocks/icon_05_32.png	image/png
20200320232824	http://www.rhubarbinfo.com/sites/all/themes/zeropoint/images/icons/blocks/icon_05_48.png	image/png
20200320232834	http://www.rhubarbinfo.com/sites/all/themes/zeropoint/images/icons/blocks/icon_06_32.png	image/png
20200320232845	http://www.rhubarbinfo.com/sites/all/themes/zeropoint/images/icons/blocks/icon_06_48.png	image/png
20200320232919	http://www.rhubarbinfo.com/sites/all/themes/zeropoint/images/icons/blocks/icon_07_32.png	image/png
20200320232930	http://www.rhubarbinfo.com/sites/all/themes/zeropoint/images/icons/blocks/icon_07_48.png	image/png
20200320233004	http://www.rhubarbinfo.com/sites/all/themes/zeropoint/images/icons/blocks/icon_08_32.png	image/png
20200320233036	http://www.rhubarbinfo.com/sites/all/themes/zeropoint/images/icons/blocks/icon_08_48.png	image/png
20200320233132	http://www.rhubarbinfo.com/sites/all/themes/zeropoint/images/icons/blocks/icon_10_32.png	image/png
20200320233143	http://www.rhubarbinfo.com/sites/all/themes/zeropoint/images/icons/blocks/icon_10_48.png	image/png
20200320233026	http://www.rhubarbinfo.com/sites/all/themes/zeropoint/images/icons/blocks/icon_12_32.png	image/png
20200320233059	http://www.rhubarbinfo.com/sites/all/themes/zeropoint/images/icons/blocks/icon_12_48.png	image/png
20200320233153	http://www.rhubarbinfo.com/sites/all/themes/zeropoint/images/icons/blocks/icon_13_32.png	image/png
20200320233205	http://www.rhubarbinfo.com/sites/all/themes/zeropoint/images/icons/blocks/icon_13_48.png	image/png
20200320232942	http://www.rhubarbinfo.com/sites/all/themes/zeropoint/images/icons/blocks/icon_14_32.png	image/png
20200320232953	http://www.rhubarbinfo.com/sites/all/themes/zeropoint/images/icons/blocks/icon_14_48.png	image/png
20200320233217	http://www.rhubarbinfo.com/sites/all/themes/zeropoint/images/icons/blocks/icon_15_32.png	image/png
20200320233228	http://www.rhubarbinfo.com/sites/all/themes/zeropoint/images/icons/blocks/icon_15_48.png	image/png
20200320233239	http://www.rhubarbinfo.com/sites/all/themes/zeropoint/images/icons/blocks/icon_16_32.png	image/png
20200320233251	http://www.rhubarbinfo.com/sites/all/themes/zeropoint/images/icons/blocks/icon_16_48.png	image/png
20200320233302	http://www.rhubarbinfo.com/sites/all/themes/zeropoint/images/icons/blocks/icon_17_32.png	image/png
20200320233312	http://www.rhubarbinfo.com/sites/all/themes/zeropoint/images/icons/blocks/icon_17_48.png	image/png
20200320233323	http://www.rhubarbinfo.com/sites/all/themes/zeropoint/images/icons/blocks/icon_18_32.png	image/png
20200320233335	http://www.rhubarbinfo.com/sites/all/themes/zeropoint/images/icons/blocks/icon_18_48.png	image/png
20200320233110	http://www.rhubarbinfo.com/sites/all/themes/zeropoint/images/icons/blocks/icon_19_32.png	image/png
20200320233120	http://www.rhubarbinfo.com/sites/all/themes/zeropoint/images/icons/blocks/icon_19_48.png	image/png
20200320233345	http://www.rhubarbinfo.com/sites/all/themes/zeropoint/images/icons/blocks/icon_20_32.png	image/png
20200320233356	http://www.rhubarbinfo.com/sites/all/themes/zeropoint/images/icons/blocks/icon_20_48.png	image/png
20200320233408	http://www.rhubarbinfo.com/sites/all/themes/zeropoint/images/icons/blocks/icon_21_32.png	image/png
20200320233420	http://www.rhubarbinfo.com/sites/all/themes/zeropoint/images/icons/blocks/icon_21_48.png	image/png
20200320232857	http://www.rhubarbinfo.com/sites/all/themes/zeropoint/images/icons/blocks/icon_22_32.png	image/png
20200320232909	http://www.rhubarbinfo.com/sites/all/themes/zeropoint/images/icons/blocks/icon_22_48.png	image/png
20200320233430	http://www.rhubarbinfo.com/sites/all/themes/zeropoint/images/icons/blocks/icon_33_32.png	image/png
20200320233441	http://www.rhubarbinfo.com/sites/all/themes/zeropoint/images/icons/blocks/icon_33_48.png	image/png
20200320233015	http://www.rhubarbinfo.com/sites/all/themes/zeropoint/images/icons/blocks/icon_34_32.png	image/png
20200320233048	http://www.rhubarbinfo.com/sites/all/themes/zeropoint/images/icons/blocks/icon_34_48.png	image/png
20200320233701	http://www.rhubarbinfo.com/sites/all/themes/zeropoint/images/icons/check.png	image/png
20200320233604	http://www.rhubarbinfo.com/sites/all/themes/zeropoint/images/icons/comment.png	image/png
20200320233505	http://www.rhubarbinfo.com/sites/all/themes/zeropoint/images/icons/comments.png	image/png
20200320233530	http://www.rhubarbinfo.com/sites/all/themes/zeropoint/images/icons/edit.png	image/png
20200320233626	http://www.rhubarbinfo.com/sites/all/themes/zeropoint/images/icons/mail.png	image/png
20200320233723	http://www.rhubarbinfo.com/sites/all/themes/zeropoint/images/icons/more.png	image/png
20200320233552	http://www.rhubarbinfo.com/sites/all/themes/zeropoint/images/icons/page-add.png	image/png
20200320233638	http://www.rhubarbinfo.com/sites/all/themes/zeropoint/images/icons/pdf.png	image/png
20200320233616	http://www.rhubarbinfo.com/sites/all/themes/zeropoint/images/icons/print.png	image/png
20200320233712	http://www.rhubarbinfo.com/sites/all/themes/zeropoint/images/icons/read_more.png	image/png
20200320233541	http://www.rhubarbinfo.com/sites/all/themes/zeropoint/images/icons/reply.png	image/png
20200320233649	http://www.rhubarbinfo.com/sites/all/themes/zeropoint/images/icons/tag.png	image/png
20200320233516	http://www.rhubarbinfo.com/sites/all/themes/zeropoint/images/icons/trash.png	image/png
20200320233735	http://www.rhubarbinfo.com/sites/all/themes/zeropoint/images/icons/user_green.png	image/png
20200320234213	http://www.rhubarbinfo.com/sites/all/themes/zeropoint/images/ink/fill_block.png	image/png
20200320234140	http://www.rhubarbinfo.com/sites/all/themes/zeropoint/images/ink/fill_top.png	image/png
20200320234151	http://www.rhubarbinfo.com/sites/all/themes/zeropoint/images/ink/fill_top_left.png	image/png
20200320234202	http://www.rhubarbinfo.com/sites/all/themes/zeropoint/images/ink/fill_top_right.png	image/png
20200320234308	http://www.rhubarbinfo.com/sites/all/themes/zeropoint/images/menushadow.png	image/png
20200320234224	http://www.rhubarbinfo.com/sites/all/themes/zeropoint/images/nav-down.png	image/png
20200320234235	http://www.rhubarbinfo.com/sites/all/themes/zeropoint/images/nav-right.png	image/png
20200320233757	http://www.rhubarbinfo.com/sites/all/themes/zeropoint/images/social/facebook_32.png	image/png
20200320233931	http://www.rhubarbinfo.com/sites/all/themes/zeropoint/images/social/flickr_32.png	image/png
20200320233856	http://www.rhubarbinfo.com/sites/all/themes/zeropoint/images/social/googleplus_32.png	image/png
20200320233822	http://www.rhubarbinfo.com/sites/all/themes/zeropoint/images/social/instagram_32.png	image/png
20200320233907	http://www.rhubarbinfo.com/sites/all/themes/zeropoint/images/social/linkedin_32.png	image/png
20200320233832	http://www.rhubarbinfo.com/sites/all/themes/zeropoint/images/social/pinterest_32.png	image/png
20200320233952	http://www.rhubarbinfo.com/sites/all/themes/zeropoint/images/social/skype_32.png	image/png
20200320233941	http://www.rhubarbinfo.com/sites/all/themes/zeropoint/images/social/tumblr_32.png	image/png
20200320233811	http://www.rhubarbinfo.com/sites/all/themes/zeropoint/images/social/twitter_32.png	image/png
20200320233845	http://www.rhubarbinfo.com/sites/all/themes/zeropoint/images/social/vimeo_32.png	image/png
20200320233919	http://www.rhubarbinfo.com/sites/all/themes/zeropoint/images/social/youtube_32.png	image/png
20000615053102	http://rhubarbinfo.com:80/sounds/rhubarb-m.wav	unk
20001013162453	http://rhubarbinfo.com:80/sounds/rhubarb-w.wav	unk
20200222123039	http://rhubarbinfo.com:80/soup	text/html
20200201022808	http://www.rhubarbinfo.com:80/sources	text/html
20200201022541	http://www.rhubarbinfo.com:80/species	text/html
20010814182246	http://rhubarbinfo.com:80/spicerack/images/spice_xmas_3.gif	image/gif
20200224075512	http://www.rhubarbinfo.com:80/startrek	text/html
20191016175902	http://rhubarbinfo.com/strawberry_rhubarb_crisp	text/html
20200222205448	http://rhubarbinfo.com:80/stuff	text/html
20040831063149	http://www.rhubarbinfo.com:80/styles.css	text/css
20191112121413	http://www.rhubarbinfo.com/tag-cloud/403	text/html
20140630155637	http://rhubarbinfo.com/tagadelic	text/html
20141005231832	http://www.rhubarbinfo.com:80/tagadelic/chunk/2	text/html
20200302055348	http://www.rhubarbinfo.com:80/tagadelic_taxonomy	text/html
20200222205122	http://rhubarbinfo.com:80/tart	text/html
20191016175116	http://rhubarbinfo.com/taxonomy/term/1	text/html
20191018021244	http://www.rhubarbinfo.com/taxonomy/term/100	text/html
20200302055353	http://www.rhubarbinfo.com:80/taxonomy/term/101	text/html
20200302055358	http://www.rhubarbinfo.com:80/taxonomy/term/102	text/html
20191018015115	http://www.rhubarbinfo.com/taxonomy/term/103	text/html
20100706100506	http://www.rhubarbinfo.com:80/taxonomy/term/104	text/html
20191112121331	http://www.rhubarbinfo.com/taxonomy/term/105	text/html
20191016174709	http://rhubarbinfo.com/taxonomy/term/106	text/html
20191112121106	http://www.rhubarbinfo.com/taxonomy/term/107	text/html
20191112121433	http://www.rhubarbinfo.com/taxonomy/term/108	text/html
20191016174731	http://rhubarbinfo.com/taxonomy/term/109	text/html
20191016180354	http://rhubarbinfo.com/taxonomy/term/110	text/html
20191016150903	http://rhubarbinfo.com/taxonomy/term/111	text/html
20191016175526	http://rhubarbinfo.com/taxonomy/term/112	text/html
20191112121525	http://www.rhubarbinfo.com/taxonomy/term/113	text/html
20191112121423	http://www.rhubarbinfo.com/taxonomy/term/114	text/html
20121110051527	http://www.rhubarbinfo.com/taxonomy/term/115	text/html
20121010073018	http://www.rhubarbinfo.com/taxonomy/term/116	text/html
20121010071959	http://www.rhubarbinfo.com/taxonomy/term/117	text/html
20121110115513	http://www.rhubarbinfo.com:80/taxonomy/term/118	text/html
20121010072950	http://www.rhubarbinfo.com/taxonomy/term/119	text/html
20121010072556	http://www.rhubarbinfo.com/taxonomy/term/120	text/html
20121101025600	http://www.rhubarbinfo.com/taxonomy/term/121	text/html
20121010072939	http://www.rhubarbinfo.com/taxonomy/term/122	text/html
20121029004914	http://www.rhubarbinfo.com/taxonomy/term/123	text/html
20121029005053	http://www.rhubarbinfo.com/taxonomy/term/125	text/html
20121010072049	http://www.rhubarbinfo.com/taxonomy/term/126	text/html
20121106211744	http://www.rhubarbinfo.com/taxonomy/term/127	text/html
20121101025616	http://www.rhubarbinfo.com/taxonomy/term/128	text/html
20121010071848	http://www.rhubarbinfo.com/taxonomy/term/129	text/html
20140630160029	http://rhubarbinfo.com/taxonomy/term/13	text/html
20121106212218	http://www.rhubarbinfo.com/taxonomy/term/130	text/html
20121010071647	http://www.rhubarbinfo.com/taxonomy/term/131	text/html
20190630065017	http://rhubarbinfo.com/taxonomy/term/132	text/html
20141017015712	http://www.rhubarbinfo.com:80/taxonomy/term/14	text/html
20141017015729	http://www.rhubarbinfo.com:80/taxonomy/term/15	text/html
20141009025204	http://www.rhubarbinfo.com:80/taxonomy/term/16	text/html
20141005232006	http://www.rhubarbinfo.com:80/taxonomy/term/17	text/html
20141009025213	http://www.rhubarbinfo.com:80/taxonomy/term/18	text/html
20191018015523	http://www.rhubarbinfo.com/taxonomy/term/19	text/html
20191016175851	http://rhubarbinfo.com/taxonomy/term/2	text/html
20140702015549	http://rhubarbinfo.com/taxonomy/term/20	text/html
20191112121454	http://www.rhubarbinfo.com/taxonomy/term/25	text/html
20191112121321	http://www.rhubarbinfo.com/taxonomy/term/29	text/html
20200302055404	http://www.rhubarbinfo.com:80/taxonomy/term/3	text/html
20141009025232	http://www.rhubarbinfo.com:80/taxonomy/term/30	text/html
20200120001313	http://www.rhubarbinfo.com:80/taxonomy/term/32	text/html
20200302055409	http://www.rhubarbinfo.com:80/taxonomy/term/33	text/html
20200119235242	http://www.rhubarbinfo.com:80/taxonomy/term/34	text/html
20191018015748	http://www.rhubarbinfo.com/taxonomy/term/38	text/html
20200302055414	http://www.rhubarbinfo.com:80/taxonomy/term/41	text/html
20191112121045	http://www.rhubarbinfo.com/taxonomy/term/44	text/html
20191112121515	http://www.rhubarbinfo.com/taxonomy/term/45	text/html
20200302055419	http://www.rhubarbinfo.com:80/taxonomy/term/49	text/html
20191016174436	http://rhubarbinfo.com/taxonomy/term/50	text/html
20121029005002	http://www.rhubarbinfo.com/taxonomy/term/52	text/html
20191016180121	http://rhubarbinfo.com/taxonomy/term/56	text/html
20191016175548	http://rhubarbinfo.com/taxonomy/term/57	text/html
20191016150845	http://rhubarbinfo.com/taxonomy/term/59	text/html
20200119205225	http://www.rhubarbinfo.com:80/taxonomy/term/60	text/html
20191016175027	http://rhubarbinfo.com/taxonomy/term/61	text/html
20191016174341	http://rhubarbinfo.com/taxonomy/term/62	text/html
20191016180153	http://rhubarbinfo.com/taxonomy/term/63	text/html
20121018071608	http://www.rhubarbinfo.com:80/taxonomy/term/64	text/html
20200120001308	http://www.rhubarbinfo.com:80/taxonomy/term/65	text/html
20191016174753	http://rhubarbinfo.com/taxonomy/term/66	text/html
20200120154956	http://www.rhubarbinfo.com:80/taxonomy/term/68	text/html
20191016175441	http://rhubarbinfo.com/taxonomy/term/69	text/html
20191018020351	http://www.rhubarbinfo.com/taxonomy/term/7	text/html
20200302055424	http://www.rhubarbinfo.com:80/taxonomy/term/70	text/html
20191016180846	http://rhubarbinfo.com/taxonomy/term/74	text/html
20191016180032	http://rhubarbinfo.com/taxonomy/term/75	text/html
20191016174611	http://rhubarbinfo.com/taxonomy/term/78	text/html
20200120154220	http://www.rhubarbinfo.com:80/taxonomy/term/81	text/html
20200119233736	http://www.rhubarbinfo.com:80/taxonomy/term/82	text/html
20200119233741	http://www.rhubarbinfo.com:80/taxonomy/term/83	text/html
20200302055429	http://www.rhubarbinfo.com:80/taxonomy/term/85	text/html
20200302055434	http://www.rhubarbinfo.com:80/taxonomy/term/87	text/html
20200302055439	http://www.rhubarbinfo.com:80/taxonomy/term/88	text/html
20200302055454	http://www.rhubarbinfo.com:80/taxonomy/term/89	text/html
20200302055459	http://www.rhubarbinfo.com:80/taxonomy/term/90	text/html
20191016175244	http://rhubarbinfo.com/taxonomy/term/91	text/html
20200119235439	http://www.rhubarbinfo.com:80/taxonomy/term/92	text/html
20100714000650	http://www.rhubarbinfo.com:80/taxonomy/term/93	text/html
20200119205654	http://www.rhubarbinfo.com:80/taxonomy/term/94	text/html
20191016175431	http://rhubarbinfo.com/taxonomy/term/95	text/html
20191018023913	http://www.rhubarbinfo.com/taxonomy/term/96	text/html
20191018022603	http://www.rhubarbinfo.com/taxonomy/term/97	text/html
20191018021319	http://www.rhubarbinfo.com/taxonomy/term/98	text/html
20191018015949	http://www.rhubarbinfo.com/taxonomy/term/99	text/html
20191112121024	http://www.rhubarbinfo.com/test	text/html
20121004044613	http://www.rhubarbinfo.com:80/user	text/html
20121005025900	http://www.rhubarbinfo.com:80/user/password	text/html
20121002044529	http://www.rhubarbinfo.com:80/user/register	text/html
20141006000651	http://www.rhubarbinfo.com:80/varieties	text/html
20190723203840	http://rhubarbinfo.com/victoria_rhubarb_plant	text/html
20190723203827	http://rhubarbinfo.com/victoria_rhubarb_stalks	text/html
20200222205023	http://rhubarbinfo.com:80/wine	text/html
