146	node
119	images
109	sites
90	taxonomy
82	bookstore
51	mini
48	files
46	ricons
36	recipes
35	feeds
29	2019
22	fs_img
20	misc
17	2020
16	recipe
9	modules
4	cooking
4	icons
3	(root)
3	robots.txt
3	user
2	book
2	content
2	image
2	index.html
2	p
2	sounds
2	tagadelic
1	%20recipe-wine.html
1	403
1	404
1	about
1	aphids_under_rhubarb
1	assorted_rhubarb_stalks
1	background_image
1	bar
1	bars
1	beetle_on_rhubarb
1	black_bass_wth_rhubarb_sauce
1	botanical
1	bread
1	burpee
1	cafepress_shirt
1	cake
1	candied_dried_rhubarb
1	cherryred_rhuarb_plant
1	chicken
1	cobbler
1	color_poll
1	composting
1	cookie
1	cookies
1	csf_small.png
1	culinary
1	dessert
1	desserts
1	drinks
1	dry_rhubarb_soda
1	emerging_rhubarb_flower
1	error404.html
1	favicon.ico
1	festivals
1	fish
1	forcing
1	friends
1	fromseed
1	frozen
1	frozen_rhubarb
1	goliath_rhubarb_stalks
1	grilled_chicken_with_rhubarb_sauce
1	growing
1	history
1	home
1	inside_rhubarb_flower_bud
1	jam
1	js
1	macdonald_rhubarb_plant
1	maincontents
1	medicinal
1	more_cut_rhubarb
1	muffin
1	muffins
1	not-rhubarb
1	nutritional
1	other
1	page2.html
1	pickles
1	pie
1	poison
1	poll
1	pork
1	powdered_rhubarb
1	propagating
1	pudding
1	recipe-bar.html
1	recipe-bread.html
1	recipe-cake.html
1	recipe-cobbler.html
1	recipe-cookie.html
1	recipe-dessert.html
1	recipe-drink.html
1	recipe-frozen.html
1	recipe-index.htm
1	recipe-index.html
1	recipe-jam.html
1	recipe-muffin.html
1	recipe-other.html
1	recipe-pie.html
1	recipe-pudding.html
1	recipe-salad.html
1	recipe-sauce.html
1	recipe-soup.html
1	recipe-tart.html
1	recipe-wine.html
1	rheum_palmatum
1	rhuarb_slump
1	rhubarb-awards.html
1	rhubarb-background.html
1	rhubarb-bacteria.html
1	rhubarb-bibliography.html
1	rhubarb-copyright.html
1	rhubarb-festivals.html
1	rhubarb-food.html
1	rhubarb-forcing.html
1	rhubarb-growing.html
1	rhubarb-helpme.html
1	rhubarb-history.html
1	rhubarb-info.html
1	rhubarb-insects.html
1	rhubarb-items.htm
1	rhubarb-m.wav
1	rhubarb-medicinal.htm
1	rhubarb-medicinal.html
1	rhubarb-notes.html
1	rhubarb-permission.html
1	rhubarb-pests.html
1	rhubarb-poison.html
1	rhubarb-problems.html
1	rhubarb-propagation.html
1	rhubarb-search.html
1	rhubarb-sources.html
1	rhubarb-tissue.html
1	rhubarb-uses.html
1	rhubarb-varieties.html
1	rhubarb-w.wav
1	rhubarb-weeds.html
1	rhubarb_coffee_cake
1	rhubarb_cream_tea
1	rhubarb_flower
1	rhubarb_flower_buds
1	rhubarb_in_bowl
1	rhubarb_jam
1	rhubarb_leaf_spots
1	rhubarb_muffins
1	rhubarb_on_banana_bread
1	rhubarb_root
1	rhubarb_upsidedown_cake
1	salad
1	sauce
1	seedpods
1	sitemap.xml
1	soup
1	sources
1	species
1	spicerack
1	startrek
1	strawberry_rhubarb_crisp
1	stuff
1	styles.css
1	tag-cloud
1	tagadelic_taxonomy
1	tart
1	test
1	varieties
1	victoria_rhubarb_plant
1	victoria_rhubarb_stalks
1	wine
1	3dmodule.html
1	deid.html
1	javadevices.html
1	Patent%206426559.pdf
